caption	startdate	headline	text	media	thumbnail	credit
KSLA-0001	2001,8,10	WORK-S/Humanity...	01. AGAIN<br/>02. Summer Wind<br/>03. 夏へ続く小径<br/>04. 春の午後、僕は長い旅をした<br/>05. Shadow of Silence<br/>06. Wrist<br/>07. Run<br/>08. HIGHWAY PASSING<br/>09. LOVE IS ETERNAL<br/>10. 鳥の詩 ~Bossanova Version~<br/><br/>Artists: 藤田秀綱, Works, みのもみな	img/KSLA-0001.jpg	img_thumb/KSLA-0001.jpg	<a href='https://itunes.apple.com/jp/album/work-s-humanity.../id806304536?uo=4' target="_blank">℗ 2001 VisualArt's / Key Sounds Label</a>
KSLA-0002	2001,8,10,1	Natukage/nostalgia - Single	01. 夏影<br/>02. nostalgia<br/><br/>Artist: Lia	img/KSLA-0002.jpg	img_thumb/KSLA-0002.jpg	<a href='https://itunes.apple.com/jp/album/natukage-nostalgia-single/id818353982?uo=4' target="_blank">℗ 2001 VisualArt's / Key Sounds Label</a>
KSLA-0003	2001,12,29	KANON arrange best album 'recollections'	01. pure snows<br/>02. Last regrets -acoustic version-<br/>03. 朝影<br/>04. the fox and the grapes<br/>05. 少女の檻<br/>06. 日溜まりの街<br/>07. 冬の花火<br/>08. 彼女たちの見解<br/>09. 風を待った日<br/>10. 凍土高原<br/>11. 残光<br/>12. 生まれたての風<br/>13. Little fragments<br/><br/>Artist: Lia	img/KSLA-0003.jpg	img_thumb/KSLA-0003.jpg	<a href='https://itunes.apple.com/jp/album/kanon-arrange-best-album-recollections/id818391612?uo=4' target="_blank">℗ 2002 VisualArt's / Key Sounds Label</a>
KSLA-0004~0005	2002,9,27	AIR ORIGINAL SOUNDTRACK	01. 回想録<br/>02. 野道<br/>03. 鳥の詩<br/>04. 夏影<br/>05. 跳ね水<br/>06. 水たまり<br/>07. 夢語り<br/>08. 虹<br/>09. てんとう虫<br/>10. 伝承<br/>11. 川<br/>12. 絵空事<br/>13. 双星<br/>14. 理<br/>15. 縁<br/>16. 蝉衣<br/>17. 神薙<br/>18. 月童<br/>19. 銀色 (orgel version)<br/>20. ふたり<br/>21. 此処<br/>22. 銀色<br/>23. 青空<br/>24. 羽根<br/>25. 夜想<br/>26. Farewell song<br/>27. 鳥の詩 (short version)<br/>28. Farewell song (short version)<br/>29. Farewell song (dream version)<br/>30. 未使用曲1<br/>31. 未使用曲2<br/>32. 未使用曲3<br/>33. 未使用曲4<br/>34. 未使用曲5<br/>35. 未使用曲6<br/>36. 鳥の詩 (off vocal version)<br/>37. Farewell song (off vocal version)<br/><br/>Artist: Lia	img/KSLA-0004~0005.jpg	img_thumb/KSLA-0004~0005.jpg	<a href='https://itunes.apple.com/jp/album/air-original-soundtrack/id818439884?uo=4' target="_blank">℗ 2002 VisualArt's / Key Sounds Label</a>
KSLA-0006	2002,10,25	Kanon ORIGINAL SOUNDTRACK	01. 朝影<br/>02. 夢の跡<br/>03. Last regrets (Full Chorus Version)<br/>04. 約束<br/>05. 2 steps toward<br/>06. 木々の声と日々のざわめき<br/>07. 彼女達の見解<br/>08. pure snows<br/>09. 雪の少女<br/>10. 日溜まりの街<br/>11. 笑顔の向こう側に<br/>12. the fox and the grapes<br/>13. 少女の檻<br/>14. 兆し<br/>15. 冬の花火<br/>16. 霧海<br/>17. 凍土高原<br/>18. 残光<br/>19. 風を待った日<br/>20. 生まれたての風<br/>21. 風の辿り着く場所 (Full Chorus Version)<br/>22. Little fragments<br/>23. Last regrets (Short Version)<br/>24. 風の辿り着く場所 (Short Version)<br/><br/>Artist: 彩菜	img/KSLA-0006.jpg	img_thumb/KSLA-0006.jpg	<a href='https://itunes.apple.com/jp/album/kanon-original-soundtrack/id813627592?uo=4' target="_blank">℗ 2002 VisualArt's / Key Sounds Label</a>
KSLA-0007	2002,12,28	Birthday Song, Requiem - Single	01. Birthday Song, Requiem<br/>02. 恋心<br/>03. Birthday Song, Requiem -fishtone remix-<br/><br/>Artist: Lia	img/KSLA-0007.jpg	img_thumb/KSLA-0007.jpg	<a href='https://itunes.apple.com/jp/album/birthday-song-requiem-single/id818498765?uo=4' target="_blank">℗ 2002 VisualArt's / Key Sounds Label</a>
KSLA-0008	2003,8,15	Spica/Hanabi/Moon - EP	01. Spica<br/>02. Hanabi<br/>03. Moon<br/>04. Spica -SORMA remix-<br/><br/>Artist: Lia	img/KSLA-0008.jpg	img_thumb/KSLA-0008.jpg	<a href='https://itunes.apple.com/jp/album/spica-hanabi-moon-ep/id818369305?uo=4' target="_blank">℗ 2003 VisualArt's / Key Sounds Label</a>
KSLA-0009	2003,12,28	CLANNAD イメージボーカルアルバム 'ソララド'	01. 少女の幻想<br/>02. オーバー<br/>03. 海鳴り<br/>04. 遠い旅の記憶<br/>05. 一万の軌跡<br/>06. 空に光る<br/><br/>Artist: Riya	img/KSLA-0009.jpg	img_thumb/KSLA-0009.jpg	<a href='https://itunes.apple.com/jp/album/clannad-imejibokaruarubamu/id823459551?uo=4' target="_blank">℗ 2004 VisualArt's / Key Sounds Label</a>
KSLA-0010	2003,12,28,1	Kanon・AIRピアノアレンジアルバム 'Re-feel'	01. 約束<br/>02. 少女の檻<br/>03. pure snows<br/>04. 夢の跡<br/>05. 残光<br/>06. 夏影<br/>07. 伝承<br/>08. 青空<br/>09. 夢語り<br/>10. 鳥の詩<br/><br/>Artists: Riya, 水月陵	img/KSLA-0010.jpg	img_thumb/KSLA-0010.jpg	<a href='https://itunes.apple.com/jp/album/kanon-airpianoarenjiarubamu/id813701606?uo=4' target="_blank">℗ 2004 VisualArt's / Key Sounds Label</a>
KSLA-0011	2004,4,28	CLANNAD arrange album 'MABINOGI'	01. その桜簾を抜けて<br/>02. 萌葱色の石畳を駆ける<br/>03. 風になびく向日葵色のワンピース<br/>04. 胸元にライラックの花飾り<br/>05. 手のひらに残る温もりは<br/>06. 生まれ変わった新しい生命<br/>07. 光りあふれる揺りかごの中で<br/>08. 母から子へ受け継がれる小さな唄<br/><br/>Artist: 樋口秀樹	img/KSLA-0011.jpg	img_thumb/KSLA-0011.jpg	<a href='https://itunes.apple.com/jp/album/clannad-arrange-album-mabinogi/id823471549?uo=4' target="_blank">℗ 2004 VisualArt's / Key Sounds Label</a>
KSLA-0012~0014	2004,8,13	CLANNAD ORIGINAL SOUNDTRACK	01. 汐<br/>02. 幻想<br/>03. メグメル<br/>04. 町、時の流れ、人<br/>05. 渚<br/>06. それは風のように<br/>07. Etude pour les petites supercordes<br/>08. は~りぃすたーふぃっしゅ<br/>09. 彼女の本気<br/>10. 資料室のお茶会<br/>11. 東風<br/>12. 田舎小径<br/>13. 有意義な時間の過ごし方<br/>14. 日々の遑<br/>15. ダム<br/>16. 馬鹿ふたり<br/>17. 灰燼に帰す<br/>18. 存在<br/>19. 月の位相<br/>20. 無間<br/>21. 雪野原<br/>22. 潮鳴り<br/>23. 潮鳴りⅡ<br/>24. TOE<br/>25. 同じ高みへ<br/>26. 願いが叶う場所<br/>27. 空に光る<br/>28. -影二つ-<br/>29. 白詰草<br/>30. 遙かな年月 -piano-<br/>31. 夏時間<br/>32. 遙かな年月<br/>33. カントリートレイン<br/>34. 願いが叶う場所Ⅱ<br/>35. Ana<br/>36. 渚~坂の下の別れ<br/>37. 小さなてのひら<br/>38. 幻想II<br/>39. 東風 -afternoon-<br/>40. 東風 -tempo up-<br/>41. 東風 -piano-<br/>42. 有意義な時間の過ごし方 -guitar-<br/>43. 有意義な時間の過ごし方 -sax-<br/>44. 存在 -e.piano-<br/>45. 存在 -piano-<br/>46. メグメル -cuckool mix- (full ver.)<br/>47. メグメル (short ver.)<br/>48. メグメル -cuckool mix- (short ver.)<br/>49. -影二つ- (short ver.)<br/>50. Ana (short ver.)<br/>51. Ana (full ver.)<br/>52. メグメル (off vocal ver.)<br/>53. 小さな手のひら (off vocal ver.)<br/>54. -影二つ- (off vocal ver.)<br/>55. 未使用曲1<br/>56. 未使用曲2<br/><br/>Artists: Riya, Lia	img/KSLA-0012~0014.jpg	img_thumb/KSLA-0012~0014.jpg	<a href='https://itunes.apple.com/jp/album/clannad-original-soundtrack/id823583025?uo=4' target="_blank">℗ 2005 VisualArt's / Key Sounds Label</a>
KSLA-0015	2004,12,28	ソララドアペンド - EP	01. 同じ高み<br/>02. 風の少女<br/>03. ひとひらの桜<br/>04. 木漏れ日<br/><br/>Artist: Riya	img/KSLA-0015.jpg	img_thumb/KSLA-0015.jpg	<a href='https://itunes.apple.com/jp/album/soraradoapendo-ep/id827603884?uo=4' target="_blank">℗ 2006 VisualArt's / Key Sounds Label</a>
KSLA-0016~0017	2004,12,28,1	CLANNAD remix album -memento-	01. メグメル<br/>02. は~りぃすたーふぃっしゅ -PaPiPuPe Mix-<br/>03. 同じ高みへ<br/>04. 馬鹿ふたり<br/>05. 月の位相<br/>06. 雪野原<br/>07. -影二つ- -MintJam Mix-<br/>08. Ana<br/>09. 渚~坂の下の別れ Warm Piano Arrange<br/>10. 小さなてのひら -new seasons mix-<br/>11. 汐<br/>12. それは風のように<br/>13. 有意義な時間の過ごし方<br/>14. 資料室のお茶会 GMBP2004MIX<br/>15. 灰燼に帰す<br/>16. 空に光る<br/>17. 桜抒曲<br/><br/>Artists: Lians, Lia, 折戸伸治, Juna, Riya, GMBP, 紅薙旅人, 戸越まごめ, bermei.inazawa, ことの, 細江慎治, OdiakeS, 細井聡司, Manack, 下地和彦, 井上俊彦, zts, Mintjam	img/KSLA-0016~0017.jpg	img_thumb/KSLA-0016~0017.jpg	<a href='https://itunes.apple.com/jp/album/clannad-remix-album-memento/id827606781?uo=4' target="_blank">℗ 2006 VisualArt's / Key Sounds Label</a>
KSLA-0018	2005,8,12	Ma-Na - EP	01. 朝影<br/>02. 夏影<br/>03. Gentle Jena<br/>04. 渚<br/>	img/KSLA-0018.jpg	img_thumb/KSLA-0018.jpg	<a href='https://itunes.apple.com/jp/album/ma-na-ep/id823514303?uo=4' target="_blank">℗ 2006 VisualArt's / Key Sounds Label</a>
KSLA-0019	2005,8,31	Love Song	01. 始まりの坂<br/>02. 蒼の夢<br/>03. 星なる石<br/>04. 走る<br/>05. 百年の夏<br/>06. 僕らの恋<br/>07. 灰色の羽根<br/>08. グラモフォン<br/>09. 神話<br/>10. 氷時計<br/>11. 折れない翼<br/>12. そして物語が終わる<br/>13. Love Song<br/><br/>Artist: Riya	img/KSLA-0019.jpg	img_thumb/KSLA-0019.jpg	<a href='https://itunes.apple.com/jp/album/love-song/id870404014?uo=4' target="_blank">℗ 2005 VisualArt's / Key Sounds Label</a>
KSLA-0020	2005,11,25	智代アフター ORIGINAL SOUNDTRACK	01. Light colors<br/>02. hope<br/>03. love song<br/>04. dear old home<br/>05. rivulet<br/>06. morning glow<br/>07. favorite loop<br/>08. old summer days<br/>09. harmony<br/>10. worth living<br/>11. young lust<br/>12. dear old home -piano-<br/>13. memories<br/>14. love song -piano-<br/>15. harmony with sorrow<br/>16. Life is like a Melody<br/>17. battle tune<br/>18. destroyer<br/>19. resonator<br/>20. Light colors -short ver.-<br/>21. Life is like a Melody -short ver.-<br/><br/>Artist: Lia	img/KSLA-0020.jpg	img_thumb/KSLA-0020.jpg	<a href='https://itunes.apple.com/jp/album/zhi-daiafuta-original-soundtrack/id828841767?uo=4' target="_blank">℗ 2007 VisualArt's / Key Sounds Label</a>
KSLA-0021	2005,12,29	CLANNAD / Tomoyo After Piano Arrange Album ピアノの森	01. 同じ高みへ<br/>02. メグメル<br/>03. 白詰草<br/>04. 小さなてのひら<br/>05. -影二つ-<br/>06. dear old home<br/>07. rivulet<br/>08. worth living<br/>09. harmony with sorrow<br/>10. love song<br/><br/>Artist: 水月陵	img/KSLA-0021.jpg	img_thumb/KSLA-0021.jpg	<a href='https://itunes.apple.com/jp/album/clannad-tomoyo-after-piano/id852744542?uo=4' target="_blank">℗ 2006 VisualArt's / Key Sounds Label</a>
KSLA-0022	2006,5,3	AIR アナログコレクターズエディション "鳥の詩／Farewell song"	Side A<br/>01. 鳥の詩<br/>02. Farewell song<br/>03. 青空<br/><br/>Side B<br/>01. 鳥の詩　Remixed Cosmic Seekers<br/>02. Farewell Song Remixed Tsukasa<br/><br/>Artist: Lia	img/KSLA-0022.jpg	img_thumb/KSLA-0022.jpg	<a href='http://key.soundslabel.com/discography.html?ksl0022/ksl0022' target="_blank">℗ 2006 VisualArt's / Key Sounds Label</a>
KSLA-0023~0024	2006,6,23	OTSU Club Music Compilation Vol.1	01. 夜想<br/>02. 鳥の詩<br/>03. 神薙<br/>04. favorite loop<br/>05. harmony with sorrow<br/>06. Psychedelic Drive<br/>07. 青空 anthelion2006<br/>08. destroyer<br/>09. 空に光る<br/>10. Farewell song<br/>11. Last regrets<br/>12. 神薙<br/>13. 此処<br/>14. battle tune<br/>15. Light colors<br/>16. 灰燼に帰す<br/>17. 無間<br/>18. それは風のように<br/>19. Fin<br/><br/>Artists: kaede, Lia, STCn, Daydream, Cosmic Seekers, TSUKASA, R9, Groovetune, zts, Eru, TEQ, Nacky, DINING-KITCHEN, garbageman	img/KSLA-0023~0024.jpg	img_thumb/KSLA-0023~0024.jpg	<a href='https://itunes.apple.com/jp/album/otsu-club-music-compilation/id813688318?uo=4' target="_blank">℗ 2006 VisualArt's / Key Sounds Label</a>
KSLA-0025	2006,8,11	planetarian original soundtrack	01. 星の世界 ~Opening~<br/>02. 星めぐりの歌 ~Honky Tonk~<br/>03. 星めぐりの歌 ~Metronome~<br/>04. 雨とロボット<br/>05. 星めぐりの歌 ~Winter's tale~<br/>06. Gentle Jena<br/>07. 全き人<br/>08. 慈しみ深き<br/>09. 星めぐりの歌<br/>10. Gentle Jena ~Extended Version~<br/>11. Human Warrior<br/>12. 星めぐりの歌 ~Short Version~<br/><br/>Artist: MELL	img/KSLA-0025.jpg	img_thumb/KSLA-0025.jpg	<a href='https://itunes.apple.com/jp/album/planetarian-original-soundtrack/id835602145?uo=4' target="_blank">℗ 2006 VisualArt's / Key Sounds Label</a>
KSLA-0026	2006,12,28	Last regrets / 風の辿り着く場所 - EP	01. Last regrets (Original ver.)<br/>02. 風の辿り着く場所 (Original ver.)<br/>03. Last regrets (TV animation ver.)<br/>04. 風の辿り着く場所 (TV animation ver.)<br/>05. Last regrets (2006 memorial mix)<br/>06. 風の辿り着く場所 (2006 memorial mix)<br/><br/>Artist: 彩菜	img/KSLA-0026.jpg	img_thumb/KSLA-0026.jpg	<a href='https://itunes.apple.com/jp/album/last-regrets-fengno-chanri/id814159510?uo=4' target="_blank">℗ 2006 VisualArt's / Key Sounds Label</a>
KSLA-0027	2007,5,25	planetarian ボイスドラマ 第一章「雪圏球」	01. 28年と87日<br/>02. バグ<br/>03. 日常<br/>04. 脱走<br/>05. 変わる物、変わらない物<br/>06. 雪圏球<br/>07. 29年と81日<br/>	img/KSLA-0027.jpg	img_thumb/KSLA-0027.jpg	<a href='https://itunes.apple.com/jp/album/planetarian-boisudorama-di/id835492997?uo=4' target="_blank">℗ 2007 VisualArt's / Key Sounds Label</a>
KSLA-0028	2007,5,25,1	リトルバスターズ! - EP	01. Little Busters!<br/>02. 遥か彼方<br/>03. Alicemagic<br/>04. Little Busters! -off vocal-<br/>05. 遥か彼方 -off vocal-<br/>06. Alicemagic -off vocal-<br/><br/>Artist: Rita	img/KSLA-0028.jpg	img_thumb/KSLA-0028.jpg	<a href='https://itunes.apple.com/jp/album/ritorubasutazu!-ep/id778654390?uo=4' target="_blank">℗ 2007 VisualArt's / Key Sounds Label</a>
KSLA-0029	2007,7,27	planetarian ボイスドラマ 第二章「エルサレム」	01. 鐘の音と銃声と<br/>02. 鐘楼の狙撃手(スナイパー)<br/>03. 作戦終了…(ミッションコンプリート)<br/>04. 修道女(シスター)<br/>05. 神の国<br/>06. 業火<br/>07. 鐘の音と贖罪と<br/>	img/KSLA-0029.jpg	img_thumb/KSLA-0029.jpg	<a href='https://itunes.apple.com/jp/album/planetarian-boisudorama-di/id835571900?uo=4' target="_blank">℗ 2007 VisualArt's / Key Sounds Label</a>
KSLA-0030~0031	2007,7,27,1	planetarian ボイスドラマ 最終章「星の人」	01. レビとヨブとルツ<br/>02. 来訪者<br/>03. 懐かしき日々<br/>04. 投影開始<br/>05. 宝物<br/>06. 女神<br/>07. 星の人<br/>08. チルシスとアマント1<br/>09. チルシスとアマント2<br/>10. チルシスとアマント3<br/>11. チルシスとアマント4<br/>12. チルシスとアマント5<br/>13. チルシスとアマント6<br/>14. チルシスとアマント7<br/><br/>Artist: すずきけいこ	img/KSLA-0030~0031.jpg	img_thumb/KSLA-0030~0031.jpg	<a href='https://itunes.apple.com/jp/album/planetarian-boisudorama-zui/id835538686?uo=4' target="_blank">℗ 2007 VisualArt's / Key Sounds Label</a>
KSLA-0032	2007,7,27,2	リトルバスターズ! original arrange album 'semicrystalline.'	01. tonica<br/>02. Little Busters! [semicrystalline. remix]<br/>03. bugs (so tiny)<br/>04. tomorrow (so artificial)<br/>05. brother (so quiet)<br/>06. umbrella (so old)<br/>07. dive (so fast)<br/>08. sister (so lonely)<br/>09. 遙か彼方 [semicrystalline. remix]<br/>10. replicato<br/><br/>Artists: PMMK, Rita	img/KSLA-0032.jpg	img_thumb/KSLA-0032.jpg	<a href='https://itunes.apple.com/jp/album/ritorubasutazu!-original-arrange/id778636985?uo=4' target="_blank">℗ 2007 VisualArt's / Key Sounds Label</a>
KSLA-0033~0035	2007,9,28	リトルバスターズ! ORIGINAL SOUNDTRACK	01. Little Busters!<br/>02. RING RING RING!<br/>03. 魔法のアンサンブル<br/>04. 騒がし乙女の憂愁<br/>05. えきぞちっく・といぼっくす<br/>06. 心色綺想曲<br/>07. 光に寄せて<br/>08. BOYS DON'T CRY<br/>09. BOYS DON'T CRY ~intro only~<br/>10. 目覚めた朝に<br/>11. 密やかなさざめき<br/>12. MY BRAVE SMILE<br/>13. スローカーブ<br/>14. 少女たちの午後4時半<br/>15. デーゲーム<br/>16. チクタク・ルーチン<br/>17. かけっこ<br/>18. シンクロニクル<br/>19. お砂糖ふたつ<br/>20. 雨のち晴れ~instrumental~<br/>21. Mission possible ~but difficult task~<br/>22. 勇壮なる闘い<br/>23. 死闘は凛然なりて<br/>24. ぼくのいやなこと<br/>25. 幻日<br/>26. ともしび<br/>27. 降り続く雨の街で<br/>28. いつか気付くかな<br/>29. れっつ・りたーん<br/>30. 伝えられないメッセージ<br/>31. 無題『恋心を奏でる綺想曲』<br/>32. たったひとつの魔法の言葉<br/>33. Song for friends ~instrumental~<br/>34. 遥か彼方~instrumental~<br/>35. Little Melody<br/>36. 少年たちとの別れ ~piano only~<br/>37. 何も起こらなかった世界<br/>38. 生まれ落ちる世界<br/>39. リグレット<br/>40. 少年たちとの別れ<br/>41. 遥か彼方<br/>42. Alicemagic<br/>43. 雨のち晴れ<br/>44. Song for friends<br/>45. Little Busters! -Little Jumper Ver.-<br/>46. Little Busters! -Short Ver.-<br/>47. Alicemagic -Short Ver.-<br/>48. 雨のち晴れ -Short Ver.-<br/>49. Song for friends -Short Ver.-<br/>50. Little Busters! -Little Jumper Short Ver.-<br/>51. 未使用曲1(Little Busters! -Little Jumper Ver.-)<br/>52. 未使用曲2(Song for friends -instrumental Ver.-)<br/>53. 未使用曲3<br/><br/>Artist: Rita	img/KSLA-0033~0035.jpg	img_thumb/KSLA-0033~0035.jpg	<a href='https://itunes.apple.com/jp/album/ritorubasutazu!-original-soundtrack/id784286860?uo=4' target="_blank">℗ 2007 VisualArt's / Key Sounds Label</a>
KSLA-0036	2007,10,26	TVアニメーション『CLANNAD』OP&ED メグメル / だんご大家族	01. メグメル ~cuckool mix 2007~<br/>02. だんご大家族<br/>03. メグメル ~cuckool mix 2007~ -TV animation Ver.-<br/>04. だんご大家族 - TV animation Ver. -<br/>05. メグメル ~cuckool mix 2007~ -off vocal ver.-<br/>06. だんご大家族 -off vocal ver.-<br/>07. 少女の幻想 ZTS Remix<br/><br/>Artists: Riya, 茶太, eufonius, zts	img/KSLA-0036.jpg	img_thumb/KSLA-0036.jpg	<a href='https://itunes.apple.com/jp/album/tvanimeshon-clannad-op-ed/id827628707?uo=4' target="_blank">℗ 2007 VisualArt's / Key Sounds Label</a>
KSLA-0037	2007,12,29	Rockstar Busters! -Little Busters! Arrange Album-	01. Little Busters!<br/>02. MY BRAVE SMILE<br/>03. デーゲーム<br/>04. Mission possible ~but difficult task~<br/>05. 勇壮なる闘い<br/>06. 遥か彼方<br/>07. 伝えられないメッセージ<br/>08. たったひとつの魔法の言葉<br/>09. 光に寄せて<br/>10. Alicemagic<br/>11. Little Busters!- Little Jumper Ver. -<br/>12. Little Busters!- Little Jumper Ver. - (off vocal)<br/><br/>Artists: TERRA, Rita, Mintjam	img/KSLA-0037.jpg	img_thumb/KSLA-0037.jpg	<a href='https://itunes.apple.com/jp/album/rockstar-busters!-little-busters!/id784387003?uo=4' target="_blank">℗ 2008 VisualArt's / Key Sounds Label</a>
KSLA-0038	2007,12,29,1	リトルバスターズ! キャラクターソング ~鈴~ - EP	01. 鈴の密かな恋の唄<br/>02. Mission:Love sniper<br/>03. じゅぴにゃー<br/>04. 鈴の密かな恋の唄 ~my style remix~<br/><br/>Artist: 棗鈴	img/KSLA-0038.jpg	img_thumb/KSLA-0038.jpg	<a href='https://itunes.apple.com/jp/album/ritorubasutazu!-kyarakutasongu/id778548057?uo=4' target="_blank">℗ 2008 VisualArt's / Key Sounds Label</a>
KSLA-0039~0040	2008,2,29	OTSU Club Music Compilation Vol.2	01. Little Busters!<br/>02. BOYS DON'T CRY<br/>03. 密やかなさざめき<br/>04. 死闘は凛然なりて<br/>05. 遥か彼方<br/>06. ともしび<br/>07. 騒がし乙女の憂愁<br/>08. Alicemagic<br/>09. Song for friends<br/>10. 降り続く雨の街で<br/>11. RING RING RING!<br/>12. 光に寄せて<br/>13. Little Busters! - Radio Edit -<br/>14. 遥か彼方 - Radio Edit -<br/><br/>Artists: TSUKASA, WESTERN LASERLIGHTS, Daydream, Blasterhead, Rita, Taishi, Estha, Svenson, zts	img/KSLA-0039~0040.jpg	img_thumb/KSLA-0039~0040.jpg	<a href='https://itunes.apple.com/jp/album/otsu-club-music-compilation/id794374323?uo=4' target="_blank">℗ 2008 VisualArt's / Key Sounds Label</a>
KSLA-0041	2008,5,4	Little Busters! アナログコレクターズエディション "Little Busters! / 遥か彼方 / Alicemagic"	Side A<br/>01. Little Busters!<br/>02. 遥か彼方<br/>03. Alicemagic<br/><br/>Side B<br/>01. Little Busters! Remixed ZTS<br/>02. 遥か彼方 Remixed Svenson<br/>03. Alicemagic Remixed Blasterhead<br/><br/>Artist: Lia	img/KSLA-0041.jpg	img_thumb/KSLA-0041.jpg	<a href='http://key.soundslabel.com/discography.html?ksl0041/ksl0041' target="_blank">℗ 2008 VisualArt's / Key Sounds Label</a>
KSLA-0042	2008,7,25	Little Busters! - EX Arrange Album 'ontology'	01. リグレット [CUTTING,CLICKS,ERRORS]<br/>02. RING RING RING! ["KLING KLANG" chips]<br/>03. 猫と硝子と円い月 [SUN LIGHTS STATION]<br/>04. れっつ・りたーん [discolor-scape]<br/>05. 駆ける [moresis native cut]<br/>06. スローカーブ [SLOWDIVING into the SUNSET]<br/>07. ともしび [Glowlight Ghost]<br/>08. BOYS DON'T CRY ~intro only~ [spring and small DUB]<br/>09. 生れ落ちる世界 [Little miniature garden]<br/>	img/KSLA-0042.jpg	img_thumb/KSLA-0042.jpg	<a href='https://itunes.apple.com/jp/album/little-busters!-ex-arrange/id784244764?uo=4' target="_blank">℗ 2008 VisualArt's / Key Sounds Label</a>
KSLA-0043	2008,8,15	リトルバスターズ!エクスタシートラックス	01. Little Busters! -Ecstacy Short Ver.-<br/>02. Will&Wish<br/>03. 猫と硝子と円い月<br/>04. 駆ける<br/>05. glassware<br/>06. Saya's Melody<br/>07. Labyrinth<br/>08. Shadow Buster<br/>09. Thinking Time<br/>10. Sha La La Ecstasy<br/>11. Saya's Song -Short Ver.-<br/>12. Song for friends -No Intro Ver.-<br/>13. Alicemagic -Rockstar Short Ver.-<br/>14. Saya's Song<br/>15. LittleBusters! -Ecstacy Ver.-<br/><br/>Artists: Lia, Rita	img/KSLA-0043.jpg	img_thumb/KSLA-0043.jpg	<a href='https://itunes.apple.com/jp/album/ritorubasutazu!ekusutashitorakkusu/id784306182?uo=4' target="_blank">℗ 2008 VisualArt's / Key Sounds Label</a>
KSLA-0044	2008,11,14	TVアニメーション『CLANNAD AFTER STORY』OP&ED 時を刻む唄 / TORCH - EP	01. 時を刻む唄<br/>02. TORCH<br/>03. 時を刻む唄 -TV Animation Ver.-<br/>04. TORCH -TV Animation Ver.-<br/>05. 時を刻む唄 -off Vocal Ver.-<br/>06. TORCH -off Vocal Ver.-<br/><br/>Artist: Lia	img/KSLA-0044.jpg	img_thumb/KSLA-0044.jpg	<a href='https://itunes.apple.com/jp/album/tvanimeshon-clannad-after/id827630593?uo=4' target="_blank">℗ 2008 VisualArt's / Key Sounds Label</a>
KSLA-0045~0046	2008,12,28	KSL Live World 2008 ~Way to the Little Busters! EX~	01. Little Busters!<br/>02. MC Rita・民安ともえ・折戸伸治<br/>03. Song for friends<br/>04. 遥か彼方<br/>05. MC Rita<br/>06. Alicemagic<br/>07. Instrument -幻想-<br/>08. メグメル<br/>09. MC 茶太・民安ともえ・折戸伸治<br/>10. オーバー<br/>11. 一万の軌跡<br/>12. MC 茶太<br/>13. 小さな手のひら<br/>14. Instrument -hope-<br/>15. Light colors<br/>16. MC Lia<br/>17. Life is Like a Melody<br/>18. MC 民安ともえ・折戸伸治<br/>19. 鈴の密かな恋の歌<br/>20. Spica<br/>21. MC Lia<br/>22. Birthday Song, Requiem<br/>23. MC Lia・民安ともえ・折戸伸治<br/>24. 鳥の詩<br/>25. MC Rita・茶太・Lia・民安ともえ・折戸伸治<br/>26. 風の辿り着く場所<br/>27. アンコールMC Lia<br/>28. 夏影<br/>29. だんご大家族<br/>30. アンコールMC Rita<br/>31. Little Busters! (Little Jumper Ver.)<br/><br/>Artists: Lia, 茶太, 民安ともえ, Rita, 折戸伸治	img/KSLA-0045~0046.jpg	img_thumb/KSLA-0045~0046.jpg	<a href='https://itunes.apple.com/jp/album/ksl-live-world-2008-way-to/id806512967?uo=4' target="_blank">℗ 2008 VisualArt's / Key Sounds Label</a>
KSLA-0047	2009,2,28	リトルバスターズ!エクスタシー キャラクターソング ~沙耶~	01. 沙耶の眠れるレクイエム<br/>02. Saya's Song -Saya's Ver-<br/>03. 沙耶の眠れるレクイエム ~Elektro Sphere Mix~<br/>04. 沙耶の眠れるレクイエム ~MUZIKSERVANT ReMix~<br/>05. 沙耶の眠れるレクイエム ~Groovetune Remix~<br/><br/>Artist: 風音	img/KSLA-0047.jpg	img_thumb/KSLA-0047.jpg	<a href='https://itunes.apple.com/jp/album/ritorubasutazu!ekusutashi/id778674781?uo=4' target="_blank">℗ 2010 VisualArt's / Key Sounds Label</a>
KSLA-0048	2009,2,28,1	OTSU:Blasterhead	01. Last regrets (Acid house mix from Kanon)<br/>02. Light colors (Remix from 智代アフター)<br/>03. 鳥の詩 (Remix from AIR)<br/>04. 小さな手のひら (Instrumental Remix from CLANNAD)<br/>05. into the sky 2009 (Trance mix)<br/>06. 光に寄せて (Remix from リトルバスターズ!)<br/>07. Spoiler<br/>08. 風の辿り着く場所 (Remix from Kanon)<br/><br/>Artists: Blasterhead, 彩菜, Rita, Lia	img/KSLA-0048.jpg	img_thumb/KSLA-0048.jpg	<a href='https://itunes.apple.com/jp/album/otsu-blasterhead/id797441697?uo=4' target="_blank">℗ 2009 VisualArt's / Key Sounds Label</a>
KSLA-0049	2009,12,29	リトルバスターズ! キャラクターソング ~佳奈多~	01. Kanata Talk「女子寮にて(I)」<br/>02. raison<br/>03. Kanata Talk「女子寮にて(II)」<br/>04. ピクルスをおいしくするつくりかた<br/>05. Kanata Talk「遠い街のアパートにて」<br/>06. raison - off vocal ver. -<br/>07. ピクルスをおいしくするつくりかた - off vocal ver. -<br/><br/>Artist: すずきけいこ	img/KSLA-0049.jpg	img_thumb/KSLA-0049.jpg	<a href='https://itunes.apple.com/jp/album/ritorubasutazu!-kyarakutasongu/id778664886?uo=4' target="_blank">℗ 2009 VisualArt's / Key Sounds Label</a>
KSLA-0050	2009,12,29,1	リトルバスターズ! キャラクターソング ~佐々美~ - EP	01. 猫と硝子と円い月<br/>02. 『さ』のある生活 ~というかそればかり~<br/>03. Alicemagic - Aroma Tablet mix -<br/>04. 『さ』のある生活 ~将来娘の名に『さ』は入れない~<br/>05. 猫と硝子と円い月 - off vocal ver. -<br/>06. Alicemagic - Aroma Tablet mix off vocal ver. -<br/><br/>Artist: たみやすともえ	img/KSLA-0050.jpg	img_thumb/KSLA-0050.jpg	<a href='https://itunes.apple.com/jp/album/ritorubasutazu!-kyarakutasongu/id778564623?uo=4' target="_blank">℗ 2009 VisualArt's / Key Sounds Label</a>
KSLA-0051	2010,4,23	TVアニメーション『Angel Beats!』劇中歌 Girls Dead Monster「Crow Song」 - Single	01. Crow Song<br/>02. Alchemy<br/>03. My Song<br/><br/>Artist: marina	img/KSLA-0051.jpg	img_thumb/KSLA-0051.jpg	<a href='https://itunes.apple.com/jp/album/tvanimeshon-angel-beats!-ju/id838212890?uo=4' target="_blank">℗ 2010 VisualArt's / Key Sounds Label</a>
KSLA-0052	2010,5,12	TVアニメーション『Angel Beats!』劇中歌 Girls Dead Monster「Thousand Enemies」 - Single	01. Thousand Enemies<br/>02. Rain Song<br/>03. Highest Life<br/><br/>Artist: LISA	img/KSLA-0052.jpg	img_thumb/KSLA-0052.jpg	<a href='https://itunes.apple.com/jp/album/tvanimeshon-angel-beats!-ju/id838604626?uo=4' target="_blank">℗ 2010 VisualArt's / Key Sounds Label</a>
KSLA-0053~0054	2010,5,26	TVアニメーション『Angel Beats!』OP&ED My Soul, Your Beats! / Brave Song - EP	01. My Soul, Your Beats!<br/>02. Brave Song<br/>03. My Soul, Your Beats! (TV Size)<br/>04. Brave Song (TV Size)<br/>05. My Soul, Your Beats! (Instrumental)<br/>06. Brave Song (Instrumental)<br/><br/>Artists: 多田葵, Lia	img/KSLA-0053~0054.jpg	img_thumb/KSLA-0053~0054.jpg	<a href='https://itunes.apple.com/jp/album/tvanimeshon-angel-beats!-op/id838213287?uo=4' target="_blank">℗ 2010 VisualArt's / Key Sounds Label</a>
KSLA-0055	2010,6,9	TVアニメーション『Angel Beats!』劇中歌 Girls Dead Monster「Little Braver」 - Single	01. Little Braver<br/>02. Shine Days<br/>03. Answer Song<br/><br/>Artist: LISA	img/KSLA-0055.jpg	img_thumb/KSLA-0055.jpg	<a href='https://itunes.apple.com/jp/album/tvanimeshon-angel-beats!-ju/id838212719?uo=4' target="_blank">℗ 2010 VisualArt's / Key Sounds Label</a>
KSLA-0056	2010,4,23,1	クドわふたー オープニングテーマ one's future - EP	01. one's future<br/>02. one's future -Let's Go Kud! ver.-<br/>03. one's future -Off Vocal instrumental-<br/>04. one's future -Off Vocal+chorus instrumental-<br/>05. adagio for summer wind<br/><br/>Artist: 鈴田美夜子	img/KSLA-0056.jpg	img_thumb/KSLA-0056.jpg	<a href='https://itunes.apple.com/jp/album/kudowafuta-opuningutema-ones/id793021394?uo=4' target="_blank">℗ 2010 VisualArt's / Key Sounds Label</a>
KSLA-0057	2010,6,25	クドわふたー Original SoundTrack	01. Sunday Morning Dance<br/>02. At The Mountain Behind<br/>03. mini Glamour<br/>04. Path of Sunset<br/>05. Breath of Stars<br/>06. Color blossom<br/>07. Where I Belong<br/>08. When We Wish a Upon Star<br/>09. Cape of Future<br/>10. Adagio for Summer Wind<br/>11. Trampoline Girl<br/>12. August Green<br/>13. Moontan<br/>14. The Roots of consciousness<br/>15. Bloom of Youth<br/>16. Further Away<br/>17. grief<br/>18. Close to Edge<br/>19. Reminiscence<br/>20. Star Dust<br/>21. 星守歌<br/>22. 星屑<br/>23. 星守歌 [アカペラ版]<br/>24. One'future (RockBand Mix)<br/><br/>Artists: 清水準一, 鈴田美夜子	img/KSLA-0057.jpg	img_thumb/KSLA-0057.jpg	<a href='http://key.soundslabel.com/discography.html?ksl0057/ksl0057' target="_blank">℗ 2010 VisualArt's / Key Sounds Label</a>
KSLA-0058	2010,6,30	TVアニメーション『Angel Beats!』Girls Dead Monster「Keep The Beats!」	01. Crow Song (Yui ver.)<br/>02. Thousand Enemies<br/>03. Shine Days<br/>04. 23:50<br/>05. Run With Wolves<br/>06. Morning Dreamer<br/>07. Rain Song<br/>08. Alchemy (Yui ver.)<br/>09. 一番の宝物 (Yui ver.)<br/>10. Little Braver (Album ver.)<br/>11. My Song (Yui ver.)<br/>12. My Soul, Your Beats! (Gldemo ver.)<br/>13. Brave Song (Gldemo ver.)<br/><br/>Artist: LISA	img/KSLA-0058.jpg	img_thumb/KSLA-0058.jpg	<a href='https://itunes.apple.com/jp/album/tvanimeshon-angel-beats!-girls/id845149880?uo=4' target="_blank">℗ 2010 VisualArt's / Key Sounds Label</a>
KSLA-0059~60	2010,7,28	TVアニメーション『Angel Beats!』ORIGINAL SOUNDTRACK	01. My Soul, Your Beats!<br/>02. theme of SSS<br/>03. school days<br/>04. girl's hop<br/>05. art of war<br/>06. today is ok<br/>07. memory<br/>08. my most precious treasure<br/>09. tactics<br/>10. enemy country<br/>11. operation start<br/>12. decisive battle<br/>13. attack!!<br/>14. critical point<br/>15. study time<br/>16. niku udon<br/>17. invention<br/>18. toy of spring<br/>19. deochi!<br/>20. light drop<br/>21. worthy rival<br/>22. burial<br/>23. play ball<br/>24. walkure<br/>25. let's operation<br/>26. evening breeze<br/>27. moment of rest<br/>28. initial impulse<br/>29. my heart<br/>30. soul friends<br/>31. kanade<br/>32. my most precious treasure (Orgel Version)<br/>33. memory (Orgel Version)<br/>34. unjust life<br/>35. nocturne in the afternoon<br/>36. anxiety<br/>37. abyss<br/>38. alter ego<br/>39. siren<br/>40. transforms to the shadow<br/>41. otonashi<br/>42. angel's flight<br/>43. firing preparation<br/>44. desperation<br/>45. breakthrough<br/>46. 一番の宝物 (Original Version)<br/>47. Brave Song<br/><br/>Artists: karuta, 多田葵, Lia	img/KSLA-0059~60.jpg	img_thumb/KSLA-0059~60.jpg	<a href='https://itunes.apple.com/jp/album/tvanimeshon-angel-beats!-original/id842476044?uo=4' target="_blank">℗ 2010 VisualArt's / Key Sounds Label</a>
KSLA-0061~0063	2010,12,24	KSL Live World 2010 ~way to the Kud-Wafter~	01. one's future<br/>02. オープニングMC<br/>03. 鈴の密かな恋の歌 ~my style remix~<br/>04. raison<br/>05. MC すずきけいこ & Rita & 折戸<br/>06. Alicemagic (RockStar ver.)<br/>07. Little Busters! (Little Jumper ver.)<br/>08. MC Rita & 折戸<br/>09. メグメル<br/>10. MC eufonius<br/>11. オーバー<br/>12. 影二つ (MintJam Ver.)<br/>13. MC 茶太 & Rita & 折戸<br/>14. Light colors<br/>15. Farewell Song<br/>16. MC Lia<br/>17. Karma<br/>18. MC Lia & 多田 葵<br/>19. Brave Song<br/>20. Thousand Enemies<br/>21. MC LiSA 1<br/>22. Alchemy<br/>23. MC LiSA 2<br/>24. Crow Song<br/>25. MC marina<br/>26. My Song<br/>27. MC Lia & Rita & 折戸<br/>28. 時を刻む唄<br/>29. エンディングMC<br/>30. My Soul, Your Beats!<br/>31. アンコールMC 1<br/>32. 鳥の詩<br/>33. だんご大家族<br/>34. アンコールMC 2<br/>35. one's future<br/>36. 猫と硝子と円い月<br/>37. Mission:Love sniper<br/>38. メグメル<br/>39. オーバー<br/>40. Birthday Song, Requiem<br/>41. Hanabi<br/><br/>Artists: Lia, 折戸伸治, 茶太, 多田葵, 鈴田美夜子, marina, LISA, すずきけいこ, eufonius, 民安ともえ, Rita	img/KSLA-0061~0063.jpg	img_thumb/KSLA-0061~0063.jpg	<a href='https://itunes.apple.com/jp/album/ksl-live-world-2010-way-to/id806473128?uo=4' target="_blank">℗ 2010 VisualArt's / Key Sounds Label</a>
KSLA-0064	2010,12,8	TVアニメーション『Angel Beats!』Girls Dead Monster STARRING marina「Last Song」 - EP	01. Last Song<br/>02. Hot Meal (Another "Thousand Enemies")<br/>03. God Bless You<br/><br/>Artist: marina	img/KSLA-0064.jpg	img_thumb/KSLA-0064.jpg	<a href='https://itunes.apple.com/jp/album/tvanimeshon-angel-beats!-girls/id842370459?uo=4' target="_blank">℗ 2010 VisualArt's / Key Sounds Label</a>
KSLA-0065	2010,12,08,1	TVアニメーション『Angel Beats!』Girls Dead Monster STARRING LiSA「一番の宝物 -Yui final ver.-」 - Single	01. 一番の宝物 (Yui final ver.)<br/>02. Storm Song<br/>03. Day Game<br/><br/>Artist: LISA	img/KSLA-0065.jpg	img_thumb/KSLA-0065.jpg	<a href='https://itunes.apple.com/jp/album/tvanimeshon-angel-beats!-girls/id842374279?uo=4' target="_blank">℗ 2010 VisualArt's / Key Sounds Label</a>
KSLA-0066	2010,12,29	クドわふたーアレンジアルバム Albina ~Assorted kudwaf Songs~	01. Overture<br/>02. one's word<br/>03. アルビナ<br/>04. 裏山小径<br/>05. 星降る丘<br/>06. August Wind<br/>07. Sunday Morning Sunlight<br/>08. 鶏肉の唄<br/>09. Fragment<br/>10. Hoshizora<br/><br/>Artists: Duca, 鈴田美夜子, あさり	img/KSLA-0066.jpg	img_thumb/KSLA-0066.jpg	<a href='http://key.soundslabel.com/discography.html?ksl0066/ksl0066' target="_blank">℗ 2010 VisualArt's / Key Sounds Label</a>
KSLA-0067	2011,1,28	Rewrite Opening Theme Song Philosophyz - EP	01. Philosophyz<br/>02. 闇の彼方へ<br/>03. Philosophyz (Game size Ver.)<br/>04. 闇の彼方へ (Game size Ver.)<br/>05. Philosophyz (off vocal Ver.)<br/>06. 闇の彼方へ (off vocal Ver.)<br/><br/>Artist: 水谷瑠奈	img/KSLA-0067.jpg	img_thumb/KSLA-0067.jpg	<a href='https://itunes.apple.com/jp/album/rewrite-opening-theme-song/id848603194?uo=4' target="_blank">℗ 2011 VisualArt's / Key Sounds Label</a>
KSLA-0068	2011,5,27	Deejay Busters!	01. Little Busters! (DJ Shimamura Remix)<br/>02. RING RING RING (Kouki Izumi Remix)<br/>03. 死闘は凛然なりて (LiLA'c Remix)<br/>04. Sunday Morning Dance (Groovetune Remix)<br/>05. Adagio for Summer Wind (DJ SHARPNEL's bass;drive remix)<br/>06. AugustGreen(M-K-S mix)<br/>07. one's future (Dee!'s SPEEDKING Remix)<br/>08. 星屑 (すみじゅん Remix)<br/>09. Saya's Song (NTMGmix)<br/>10. Alicemagic (MUZIK SERVANT Remix)<br/><br/>Artists: 霜月はるか, 鈴田美夜子, Lia, Rita	img/KSLA-0068.jpg	img_thumb/KSLA-0068.jpg	<a href='https://itunes.apple.com/jp/album/deejay-busters!/id784226790?uo=4' target="_blank">℗ 2011 VisualArt's / Key Sounds Label</a>
KSLA-0069	2011,5,27,1	Rewrite 2nd Opening Theme Song Rewrite - EP	01. Rewrite<br/>02. Rewrite (Game size Ver.)<br/>03. Rewrite (off vocal Ver.)<br/>04. Rewrite (Instrumental Ver.)<br/><br/>Artist: サイキックラバー	img/KSLA-0069.jpg	img_thumb/KSLA-0069.jpg	<a href='https://itunes.apple.com/jp/album/rewrite-2nd-opening-theme/id848137969?uo=4' target="_blank">℗ 2011 VisualArt's / Key Sounds Label</a>
KSLA-0070	2011,6,24	Rewrite Arrange Album "Soil"	01. ヒナギク<br/>02. 散花<br/>03. 綿帽子<br/>04. Phobia<br/>05. アサガオ<br/>06. Exploration<br/>07. 幻境 ~ ニリンソウ<br/>08. Retribution<br/>09. Reply<br/>10. アンスリウム<br/><br/>Artists: なかやまらいでん, 坂本英城, 坂本昌一郎, MANYO, みゅう, 土屋昇平, 井内啓二, 岡素世, TECHNOuchi, 桐岡麻季	img/KSLA-0070.jpg	img_thumb/KSLA-0070.jpg	<a href='https://itunes.apple.com/jp/album/rewrite-arrange-album-soil/id852132345?uo=4' target="_blank">℗ 2011 VisualArt's / Key Sounds Label</a>
KSLA-0071	2011,6,24,1	Key+Lia Best 2001-2010	01. Natukage<br/>02. nostalgia<br/>03. Birthday Song,Requiem<br/>04. 恋心<br/>05. Spica (new arrange)<br/>06. Hanabi (new recording)<br/>07. Karma<br/>08. Soldiers<br/>09. doll<br/>10. human<br/>11. 時を刻む唄<br/>12. My Soul,Your Beats!<br/>13. pierrot (new song)<br/>14. Life is like a Melody<br/><br/>Artist: Lia	img/KSLA-0071.jpg	img_thumb/KSLA-0071.jpg	<a href='http://key.soundslabel.com/discography.html?ksl0071/ksl0071' target="_blank">℗ 2011 VisualArt's / Key Sounds Label</a>
KSLA-0073~0075	2011,8,12	Rewrite ORIGINAL SOUNDTRACK	01. Philosophyz<br/>02. 旅<br/>03. 芽吹き<br/>04. Fertilizer<br/>05. 花蕾<br/>06. 果実<br/>07. Raised bed<br/>08. ニリンソウ<br/>09. アサガオ<br/>10. アンスリウム<br/>11. カーネーション<br/>12. サンブライト<br/>13. ヒナギク<br/>14. Honesty<br/>15. 深層森林<br/>16. Exploration<br/>17. 凍土<br/>18. 褐斑病<br/>19. 綿帽子<br/>20. DIS is a pain<br/>21. Eruptible<br/>22. 闇の彼方へ<br/>23. Rewrite<br/>24. Retribution<br/>25. Potted one<br/>26. YO-SHI-NO<br/>27. Sorrowless<br/>28. 揺葉<br/>29. 散花<br/>30. 幻境<br/>31. 刈り<br/>32. Scene of carnage<br/>33. Scene of carnage aggressiveness<br/>34. Phobic<br/>35. Phobia<br/>36. Scene shifts there<br/>37. 黒星病<br/>38. 枯死<br/>39. Finale<br/>40. Reply<br/>41. Toxoplasma<br/>42. 実り<br/>43. Philosophy of ours<br/>44. Philosophy of yours<br/>45. Exploration2 symphonic<br/>46. Philosophyz (GT Ver.)<br/>47. Rewrite instrumental<br/>48. Remembrance<br/>49. 大地<br/>50. Radiance<br/>51. 恋歌<br/>52. 恋文<br/>53. 偽らない君へ<br/>54. 渡りの詩<br/>55. CANOE<br/>56. ヒナギク (orgel Ver.)<br/>57. Philosophyz (Game size Ver)<br/>58. Rewrite (Game size Ver)<br/>59. 闇の彼方へ (Game size Ver)<br/>60. 恋文 (Game size Ver)<br/>61. 偽らない君へ (Game size Ver)<br/>62. 滅びの歌<br/>63. ルチア着信音<br/><br/>Artists: やなぎなぎ, サイキックラバー, 多田葵, 水谷瑠奈	img/KSLA-0073~0075.jpg	img_thumb/KSLA-0073~0075.jpg	<a href='https://itunes.apple.com/jp/album/rewrite-original-soundtrack/id848264194?uo=4' target="_blank">℗ 2011 VisualArt's / Key Sounds Label</a>
KSLA-0076	2011,12,29	Rewrite Arrangement Album "Branch"	01. 旅<br/>02. Fertilizer<br/>03. ニリンソウ<br/>04. Little Forest<br/>05. Orbita<br/>06. 過日憐歌<br/>07. 大地 - Radiance<br/>08. Reply<br/><br/>Artists: Annabel, やなぎなぎ, MaO	img/KSLA-0076.jpg	img_thumb/KSLA-0076.jpg	<a href='https://itunes.apple.com/jp/album/rewrite-arrangement-album/id852115269?uo=4' target="_blank">℗ 2011 VisualArt's / Key Sounds Label</a>
KSLA-0077	2011,12,29,1	クドわふたー Original Sound Track	01. Sunday Morning Dance<br/>02. At The Mountain Behind<br/>03. mini glamour<br/>04. Path of Sunset<br/>05. Breath of Stars<br/>06. Color blossom<br/>07. Where I Belong<br/>08. When We Wish a Upon Star<br/>09. Cape of Future<br/>10. Adagio for Summer Wind<br/>11. Trampoline Girl<br/>12. August Green<br/>13. Moontan<br/>14. The Roots of consciousness<br/>15. Bloom of Youth<br/>16. Further Away<br/>17. grief<br/>18. Close to Edge<br/>19. Reminiscence<br/>20. Star Dust<br/>21. 星守歌<br/>22. 星屑<br/>23. hoshizora<br/>24. 星守歌 [アカペラ版]<br/>25. one's future (RockBand Mix)<br/><br/>Artists: 霜月はるか, 鈴田美夜子	img/KSLA-0077.jpg	img_thumb/KSLA-0077.jpg	<a href='https://itunes.apple.com/jp/album/kudowafuta-original-sound/id797458538?uo=4' target="_blank">℗ 2011 VisualArt's / Key Sounds Label</a>
KSLA-0078	2011,12,29,2	Albina -Assorted Kudwaf Songs-	01. Overture<br/>02. one's word<br/>03. アルビナ<br/>04. Fragment<br/>05. 裏山小径<br/>06. 星降る丘<br/>07. August Wind<br/>08. Sunday Morning Sunlight<br/>09. 鶏肉の唄<br/>10. Hoshizora<br/>11. 星屑<br/>12. Fragment (Kud. ver.)<br/><br/>Artists: あさり☆, 霜月はるか, 鈴田美夜子, Duca, 能美クドリャフカ	img/KSLA-0078.jpg	img_thumb/KSLA-0078.jpg	<a href='https://itunes.apple.com/jp/album/albina-assorted-kudwaf-songs/id806234962?uo=4' target="_blank">℗ 2011 VisualArt's / Key Sounds Label</a>
KSLA-0079	2012,5,25	Key+VOCALOID BEST SELECTION VOL.1	01. 恋文<br/>02. 鶏肉の唄<br/>03. オーバー<br/>04. 鈴の密かな恋の唄<br/>05. 雨のち晴れ<br/>06. Farewell song<br/>07. raison<br/>08. CANOE<br/>09. 灰色の羽根<br/>10. Brave Song<br/>11. 一番の宝物<br/><br/>Artists: 竹下智博, emon, 横野康平, 光収容, Tam	img/KSLA-0079.jpg	img_thumb/KSLA-0079.jpg	<a href='https://itunes.apple.com/jp/album/key+vocaloid-best-selection/id797420170?uo=4' target="_blank">℗ 2012 VisualArt's / Key Sounds Label</a>
KSLA-0080	2012,6,29	Orpheus ~君と奏でる明日へのうた~ - Single	01. Orpheus ~君と奏でる明日へのうた~<br/>02. Orpheus ~君と奏でる明日へのうた~ (Ayaka Ver.)<br/>03. Orpheus ~君と奏でる明日へのうた~ (off vocal Ver.)<br/><br/>Artists: Lia, 茶太, 多田葵, 島みやえい子, KOTOKO, LISA, 川田まみ, 詩月カオリ, 北沢綾香, Rita	img/KSLA-0080.jpg	img_thumb/KSLA-0080.jpg	<a href='https://itunes.apple.com/jp/album/orpheus-junto-zouderu-ming/id852763774?uo=4' target="_blank">℗ 2012 VisualArt's / Key Sounds Label</a>
KSLA-0081	2012,7,27	Rewrite Harvest festa! Original SoundTrack "Feast"	01. Harvest<br/>02. irrigated land<br/>03. 萌芽<br/>04. ムーンブライト<br/>05. Quaesitor<br/>06. Fight for nowhere<br/>07. winners!<br/>08. Redemptor<br/>09. 愛を灌ぐ<br/>10. 夜露<br/>11. ささやかなはじまり<br/>12. irrigated land ~echo~<br/>13. Harvest (Game size Ver.)<br/>14. ささやかなはじまり (Game size Ver.)<br/><br/>Artists: 多田葵, 水谷瑠奈	img/KSLA-0081.jpg	img_thumb/KSLA-0081.jpg	<a href='https://itunes.apple.com/jp/album/rewrite-harvest-festa!-original/id852515337?uo=4' target="_blank">℗ 2012 VisualArt's / Key Sounds Label</a>
KSLA-0082~0083	2012,10,24	折戸伸治パーソナルアルバム 'circle of fifth'	01. Light colors<br/>02. TORCH<br/>03. 鳥の詩<br/>04. 偽らない君へ<br/>05. Alicemagic<br/>06. 恋文<br/>07. Philosophyz<br/>08. 風の辿り着く場所<br/>09. World Link<br/>10. Teller of World<br/>11. ラストワード<br/>12. サンブライト<br/>13. Orpheus ~君と奏でる明日への詩~ (Ayaka Ver.)<br/>14. fortune card<br/>15. Perseids<br/>16. 僕らの旅<br/><br/>Artists: 彩菜, 水谷瑠奈, やなぎなぎ, KOTOKO, 北沢綾香, Rita, Lia	img/KSLA-0082~0083.jpg	img_thumb/KSLA-0082~0083.jpg	<a href='https://itunes.apple.com/jp/album/zhe-hu-shen-zhipasonaruarubamu/id903785943?uo=4' target="_blank">℗ 2012 VisualArt's / Key Sounds Label</a>
KSLA-0084	2012,07,29	KEYNOTE -Key Sounds Remix Album- / Soshi Hosoi	01. ラズライト・ドリーマー<br/>02. Last regrets -remix- (Kanon)<br/>03. 鳥の詩 -remix- (AIR)<br/>04. 時を刻む唄 -remix- (CLANNAD)<br/>05. Light colors -remix- (智代アフター)<br/>06. BGM Remixies<br/>07. 雨のち晴れ -remix- (リトルバスターズ!)<br/>08. One's future -remix- (クドわふたー)<br/>09. Philosophyz -remix- (Rewrite)<br/>10. 恋文 -remix- (Rewrite)<br/><br/>Artists: 彩菜, 水谷瑠奈, やなぎなぎ, 鈴田美夜子, Rita, Lia	img/KSLA-0084.jpg	img_thumb/KSLA-0084.jpg	<a href='https://itunes.apple.com/jp/album/keynote-key-sounds-remix-album/id794348046?uo=4' target="_blank">℗ 2012 VisualArt's / Key Sounds Label</a>
KSLA-0085~0086	2012,7,29	Visual Art's 20th Anniversary Remixes	CD1 Chant of Key's Investigation<br/>01. Last regrets(EastNewSound Remix)<br/>02. 青空 (katsu+すみじゅん Remix)<br/>03. メグメル(Tracy Remix)<br/>04. だんご大家族 (Blue Twinkle Energetic Remix)<br/>05. Light colors (M-K-S mix)<br/>06. 時を刻む唄 (100-200+tanigon remix)<br/>07. 星屑(Kouki Izumi Remix)<br/>08. Little Busters! (Nhato Remix)<br/>09. Alicemagic(Tsukasa Remix)<br/>10. Philosophyz(MUZIK SERVANT Remix)<br/>11. Rewrite (DJ Shimamura's Drumscape Remix)<br/>12. 鳥の詩（PandaBoY Remix）<br/><br/>CD2 Chant of I've Investigation<br/>01. Princess Brave！ (DJ Shimamura's Can't Stop Braving! Remix)<br/>02. Smile(nana's Hardcore Remix)<br/>03. Rolling Star☆彡 (EastNewSound)<br/>04. Morning glory ～栄光の朝～(Irus Remix)<br/>05. Presto(Shouya Namai Remix)<br/>06. Do you know the magic?(nonSectRadicals Mix)<br/>07. Crash Course ～恋の特別レッスン～(Funky Special Lesson)<br/>08. bumpy-Jumpy！(M-Project Makina Mix)<br/>09. TRUE EYES(Amane Remix)<br/>10. Under The Darkness(void's switcheroo remix)<br/>11. Got it!!(Hedonist Remix)<br/>12. Stars Biscuit(DJ SHARPNEL's odds＆endsremix)<br/>	img/KSLA-0085~0086.jpg	img_thumb/KSLA-0085~0086.jpg	<a href='http://key.soundslabel.com/discography.html?ksl0085/ksl0085' target="_blank">℗ 2012 VisualArt's / Key Sounds Label</a>
KSLA-0087~0088	2012,10,31	TVアニメーション『リトルバスターズ!』Little Busters! / Alicemagic~TV animation ver.~ - EP	01. Little Busters! ~TV animation ver.~<br/>02. Alicemagic ~TV animation ver.~<br/>03. Little Busters! ~TV animation ver.~(TV Size)<br/>04. Alicemagic ~TV animation ver.~(TV Size)<br/>05. Little Busters! ~TV animation ver.~(Instrumental)<br/>06. Alicemagic ~TV animation ver.~(Instrumental)<br/><br/>Artist: Rita	img/KSLA-0087~0088.jpg	img_thumb/KSLA-0087~0088.jpg	<a href='https://itunes.apple.com/jp/album/tvanimeshon-ritorubasutazu!/id784236185?uo=4' target="_blank">℗ 2012 VisualArt's / Key Sounds Label</a>
KSLA-0089	2013,4,26	リトルバスターズ/クドわふたー Piano Arrange Album 'ripresa'	01. BOYS DON'T CRY<br/>02. Little Busters!<br/>03. 魔法のアンサンブル<br/>04. えきぞちっく・といぼっくす<br/>05. one's future<br/>06. たったひとつの魔法の言葉<br/>07. 遥か彼方<br/>08. Saya's song<br/>09. 星屑<br/>10. れっつ・りたーん<br/><br/>Artist: 坂東美佳	img/KSLA-0089.jpg	img_thumb/KSLA-0089.jpg	<a href='https://itunes.apple.com/jp/album/ritorubasutazu-kudowafuta/id793020107?uo=4' target="_blank">℗ 2013 VisualArt's / Key Sounds Label</a>
KSLA-0090	2012,12,29	Key CLASSIC	01. Last regrets 〜Classic〜<br/>02. 鳥の詩 〜Classic〜 Instrumental<br/>03. 青空 〜Classic〜<br/>04. メグメル 〜Classic〜<br/>05. だんご大家族 〜Classic〜 Instrumental<br/>06. 時を刻む唄 〜Classic〜<br/>07. Little Busters! 〜Classic〜<br/>08. My Soul, Your Beats! 〜Classic〜 Instrumental<br/>09. 一番の宝物 - yui.ver Classic<br/>10. Philosophyz 〜Classic〜<br/>11. Harvest 〜Classic〜<br/>12. リトルバスターズ!メドレー Classic Instrumental<br/><br/>Artists: 彩菜, Riya, 多田葵, 水谷瑠奈, LISA, Rita, Lia	img/KSLA-0090.jpg	img_thumb/KSLA-0090.jpg	<a href='https://itunes.apple.com/jp/album/key-classic/id852237934?uo=4' target="_blank">℗ 2012 VisualArt's / Key Sounds Label</a>
KSLA-0091	2012,12,29	Rewrite & Rewrite Harvest festa! Arrange Album 'dye mixture	01. Harvest<br/>02. Potted one<br/>03. 刈り<br/>04. Fight for nowhere<br/>05. Sorrowless<br/>06. Remembrance<br/>07. 恋文<br/>08. Radiance<br/>09. Reply<br/>10. ささやかなはじまり<br/><br/>Artists: やなぎなぎ, 多田葵, 水谷瑠奈	img/KSLA-0091.jpg	img_thumb/KSLA-0091.jpg	<a href='https://itunes.apple.com/jp/album/rewrite-rewrite-harvest-festa!/id852153344?uo=4' target="_blank">℗ 2012 VisualArt's / Key Sounds Label</a>
KSLA-0092	2013,10,23	TVアニメーション『リトルバスターズ!~Refrain~』OP Boys be Smile / 目覚めた朝にはきみが隣に - EP	01. Boys be Smile<br/>02. 目覚めた朝にはきみが隣に<br/>03. Boys be Smile (TV Size)<br/>04. 目覚めた朝にはきみが隣に (TV Size)<br/>05. Boys be Smile (Instrumental)<br/>06. 目覚めた朝にはきみが隣に (Instrumental)<br/><br/>Artist: 鈴湯	img/KSLA-0092.jpg	img_thumb/KSLA-0092.jpg	<a href='https://itunes.apple.com/jp/album/tvanimeshon-ritorubasutazu!/id784399896?uo=4' target="_blank">℗ 2013 VisualArt's / Key Sounds Label</a>
KSLA-0093	2013,11,6	TVアニメーション『リトルバスターズ!~Refrain~』ED 君とのなくしもの / 涙色の翼 - EP	01. 君とのなくしもの<br/>02. 涙色の翼<br/>03. 君とのなくしもの (TV Size)<br/>04. 君とのなくしもの (Instrumental)<br/>05. 涙色の翼 (Instrumental)<br/><br/>Artist: 北沢綾香	img/KSLA-0093.jpg	img_thumb/KSLA-0093.jpg	<a href='https://itunes.apple.com/jp/album/tvanimeshon-ritorubasutazu!/id784318302?uo=4' target="_blank">℗ 2013 VisualArt's / Key Sounds Label</a>
KSLA-0094	2013,12,29	リトルバスターズ！ ～Refrain～ Original SoundTrack	01. Boys be Smile (TV Size)<br/>02. Calm days<br/>03. Day-to-day<br/>04. そこに、きみがいるだけで。<br/>05. 午後の街路樹<br/>06. The other side of chaos<br/>07. Days of tears and lilies<br/>08. recollect<br/>09. クライシス<br/>10. ざわめき<br/>11. 明日への道標<br/>12. 君とのなくしもの (TV Size)<br/>13. Little Busters! EX (TV Size)<br/>14. 目覚めた朝にはきみが隣に (TV Size)<br/>15. 勇壮なる闘い Remix<br/>16. Little Busters! ～TV animation ver. ～ (TV Size)<br/>17. Alicemagic ～TV animation ver. ～ (TV Size)<br/><br/>Artists: 鈴湯, 北沢綾香, Rita	img/KSLA-0094.jpg	img_thumb/KSLA-0094.jpg	<a href='http://key.soundslabel.com/discography.html?ksl0094/ksl0094' target="_blank">℗ 2013 VisualArt's / Key Sounds Label</a>
KSLA-0095~0096	2014,4,29	リトルバスターズ！パーフェクト　ボーカルコレクション	01. Little Busters！<br/>02. 鈴の密かな恋の唄<br/>03. ピクルスをおいしくするつくりかた<br/>04. 沙耶の眠れるレクイエム<br/>05. じゅぴにゃー<br/>06. 遥か彼方<br/>07. raison<br/>08. Mission：Love sniper<br/>09. 猫と硝子と円い月<br/>10. 雨のち晴れ<br/>11. Song for friends<br/>12. Alicemagic　～Rockstar ver～<br/>13. Little Busters！～TV animation ver～<br/>14. Alicemagic～TV animation ver～<br/>15. Hanabi<br/>16. 僕らの旅<br/>17.リトルバスターズ！Synth-Magnetic Megamix<br/>18. Boys be Smile<br/>19. 目覚めた朝にはきみが隣に<br/>20. Saya's Song<br/>21. 涙色の翼<br/>22. 君とのなくしもの<br/>23. Boys be Smile ～Remix～<br/><br/>Artists: 鈴湯, 北沢綾香, Rita, 民安ともえ, 風音, すずきけいこ, Lia, 三輪学	img/KSLA-0095~0096.jpg	img_thumb/KSLA-0095~0096.jpg	<a href='http://key.soundslabel.com/discography.html?ksl0095/ksl0095' target="_blank">℗ 2014 VisualArt's / Key Sounds Label</a>
KSLM-0097	2014,6,25	nature couleur	01. 水の旅人<br/>02. 風ひととせ<br/>03. 星屑Evolution!<br/>04. 夕暮れ小径<br/>05. search for the future<br/>06. 空恋人魚<br/>07. 明日への黙示録<br/>08. デュアル・ムーン<br/>09. Connected Relation<br/>10. 君への勇気<br/>11. Star rain<br/><br/>Artist: 北沢綾香	img/KSLM-0097.jpg	img_thumb/KSLM-0097.jpg	<a href='https://itunes.apple.com/jp/album/nature-couleur/id903878095?uo=4' target="_blank">℗ 2014 VisualArt's / Key Sounds Label</a>
KSLA-0098	2014,12,28	Girls Dead Monster『rare tracks』	01. Crow Song<br/>02. Alchemy<br/>03. Hot Meal<br/><br/>Artists: Girls Dead Monster	img/KSLA-0098.jpg	img_thumb/KSLA-0098.jpg	<a href='http://key.soundslabel.com/discography.html?ksl0098/ksl0098' target="_blank">℗ 2014 VisualArt's / Key Sounds Label</a>
KSLM-0099	2015,4,1	Heartily Song／すべての終わりの始まり	01. Heartily Song<br/>02. すべての終わりの始まり<br/>03. Heartily Song-inst<br/>04. すべての終わりの始まり-inst<br/>05. Heartily Song-GameSize<br/>06. すべての終わりの始まり-Short Ver.<br/><br/>Artist: Lia, 鈴湯	img/KSLM-0099.jpg	img_thumb/KSLM-0099.jpg	<a href='http://key.soundslabel.com/discography.html?ksl0099/ksl0099' target="_blank">℗ 2015 VisualArt's / Key Sounds Label</a>
KSLA-0100	2015,4,11	届けたいメロディ／永遠の星へ	01. 届けたいメロディ<br/>02. 永遠の星へ<br/>03. 届けたいメロディ -off vocal Ver.-<br/>04. 永遠の星へ -off vocal Ver.-<br/><br/><br/>Artist: 北沢綾香, 霜月はるか	img/KSLA-0100.jpg	img_thumb/KSLA-0100.jpg	<a href='http://key.soundslabel.com/discography.html?ksl0100/ksl0100' target="_blank">℗ 2015 VisualArt's / Key Sounds Label</a>
KSLA-0101	2015,6,26	Million Star	01. Million Star<br/>02. Million Star (Instrumental)<br/><br/>Artist: Girls Dead Monster	img/KSLA-0101.jpg	img_thumb/KSLA-0101.jpg	<a href='http://key.soundslabel.com/discography.html?ksl0101/ksl0101' target="_blank">℗ 2015 VisualArt's / Key Sounds Label</a>
KSLA-0102	2015,6,26	Angel Beats! -1st beat- Piano Arrange Album 「Holy」	01. My Soul, Your Beats! -Piano Arrange Ver.-<br/>02. girl's hop -Piano Arrange Ver.-<br/>03. evening breeze -Piano Arrange Ver.-<br/>04. theme of SSS -Piano Arrange Ver.-<br/>05. memory -Piano Arrange Ver.-<br/>06. "burial" as Barcarolle (burialより)<br/>07. いちばんのたからもの (一番の宝物より)<br/>08. Brave Song -Piano Arrange Ver.-<br/><br/>Artist: 水月陵	img/KSLA-0102.jpg	img_thumb/KSLA-0102.jpg	<a href='http://key.soundslabel.com/discography.html?ksl0102/ksl0102' target="_blank">℗ 2015 VisualArt's / Key Sounds Label</a>
KSLA-0103~0104	2015,8,26	Bravely You/灼け落ちない翼	01. Bravely You<br/>02. 灼け落ちない翼<br/>03. Bravely You(TV Size)<br/>04. 灼け落ちない翼(TV Size)<br/>05. Bravely You(Instrumental)<br/>06. 灼け落ちない翼(Instrumental)<br/><br/>Artist: Lia, 多田葵	img/KSLA-0103~0104.jpg	img_thumb/KSLA-0103~0104.jpg	<a href='https://itunes.apple.com/jp/album/tvanimeshon-charlotte-op-ed/id1047176678' target="_blank">℗ 2015 VisualArt's / Key Sounds Label</a>
KSLA-0105	2015,9,2	楽園まで/発熱デイズ	01. 楽園まで<br/>02. 発熱デイズ<br/>03. Not be found<br/><br/>Artist: 西森柚咲（CV.内田真礼）	img/KSLA-0105.jpg	img_thumb/KSLA-0105.jpg	<a href='http://key.soundslabel.com/discography.html?ksl0105/ksl0105' target="_blank">℗ 2015 VisualArt's / Key Sounds Label</a>
KSLA-0106	2015,9,9	Trigger	01. Trigger<br/>02. Fallin'<br/>03. Let's feel Good<br/>04. Trigger(日本語Ver.)<br/>05. Fallin'(日本語Ver.)<br/>06. Let's feel Good(日本語Ver.)<br/><br/>Artist: marina	img/KSLA-0106.jpg	img_thumb/KSLA-0106.jpg	<a href='http://key.soundslabel.com/discography.html?ksl0106/ksl0106' target="_blank">℗ 2015 VisualArt's / Key Sounds Label</a>
KSLA-0107	2015,9,30	Smells Like Tea,Espresso	01. 発熱デイズ<br/>02. Real<br/>03. シンガーデイズ<br/>04. Keep on Burnin'<br/>05. 走れ<br/>06. Dancin' on the Border<br/>07. 魅惑のビーム<br/>08. Hand with Blood<br/>09. 楽園まで<br/>10. 旅人<br/>11. Bravely You（How-Low-Hello Ver.）<br/>12. 灼け落ちない翼（How-Low-Hello Ver.)<br/><br/>Artist: 西森柚咲（CV.内田真礼）	img/KSLA-0107.jpg	img_thumb/KSLA-0107.jpg	<a href='http://key.soundslabel.com/discography.html?ksl0107/ksl0107' target="_blank">℗ 2015 VisualArt's / Key Sounds Label</a>
KSLA-0108~0109	2015,10,14	ECHO	01. Trigger<br/>02. Fallin'<br/>03. Blood Colour<br/>04. Scar on Face<br/>05. Ray of Light<br/>06. Vanishing Day<br/>07. Adore<br/>08. Clouded Sky<br/>09. Live for You<br/>10. Heavy Rain<br/>11. Sinking Ships<br/>12. Feedback<br/><br/>Artist: marina	img/KSLA-0108~0109.jpg	img_thumb/KSLA-0108~0109.jpg	<a href='http://key.soundslabel.com/discography.html?ksl0108/ksl0108' target="_blank">℗ 2015 VisualArt's / Key Sounds Label</a>
KSLA-0110~0111	2015,11,4	Charlotte Original Soundtrack	[Disc 1]<br/>01. Bravely You<br/>02. 歪<br/>03. 想い<br/>04. 朝<br/>05. 団欒<br/>06. 悪巧み<br/>07. カンニング魔<br/>08. ミーティング<br/>09. インパクト<br/>10. 猛追<br/>11. 勇気<br/>12. 活動日誌<br/>13. ブレイクタイム<br/>14. 能力者たち<br/>15. 絆<br/>16. 平穏<br/>17. ブービートラップ<br/>18. 愚か者たち<br/>19. 脱落者たち<br/>20. 出落ち<br/>21. 協力者<br/>22. おまじない<br/>23. 荒くれ者<br/>24. 疾駆<br/>25. 暗雲<br/>26. コントロール<br/>27. 終わる夢<br/><br/>[Disc 2]<br/>01. ムーブメント<br/>02. ハイテンション<br/>03. 意表<br/>04. 勝負<br/>05. すれ違い<br/>06. 胸騒ぎ<br/>07. 耳鳴り<br/>08. 対峙<br/>09. 黄昏<br/>10. 霧中<br/>11. 疑念<br/>12. 略奪<br/>13. 崩壊<br/>14. 春の日<br/>15. 不穏<br/>16. ループ<br/>17. 奇策<br/>18. 絶望<br/>19. 決意<br/>20. 告白<br/>21. 危機<br/>22. 死神<br/>23. 君の文字<br/>24. 灼け落ちない翼<br/><br/>Artist: Lia, 熊木杏里, 多田葵	img/KSLA-0110~0111.jpg	img_thumb/KSLA-0110~0111.jpg	<a href='http://key.soundslabel.com/discography.html?ksl0110/ksl0110' target="_blank">℗ 2015 VisualArt's / Key Sounds Label</a>
KSLA-0112	2015,12,29	Rewrite arrange album 'crann mor'	01. 旅<br/>02. 芽吹き<br/>03. 花蕾<br/>04. アサガオ<br/>05. ニリンソウ<br/>06. この木の下で<br/>07. Raised Bed<br/>08. Remembrance<br/>09. Sorrowless<br/>10. 揺葉<br/>11. ヒナギク<br/>12. Sleeping Forest<br/><br/>Artist: 多田葵	img/KSLA-0112.jpg	img_thumb/KSLA-0112.jpg	<a href='http://c89.product.co.jp/' target="_blank">℗ 2015 VisualArt's / Key Sounds Label</a>
KSLA-0113~0115	2016,5,1	『Angel Beats!』 PERFECT Vocal Collection	CD1<br/>01. Crow Song<br/>02. Alchemy<br/>03. My Song<br/>04. Last Song<br/>05. Hot Meal (Another"Thousand Enemies")<br/>06. Million Star<br/>07. Hungry Song<br/>08. God Bless You<br/>09. Crow Song（Acoustic）<br/>10. Alchemy（Acoustic）<br/>11. Hot Meal（Acoustic）<br/><br/>CD2<br/>01. Crow Song (Yui ver.)<br/>02. Thousand Enemies<br/>03. Shine Days<br/>04. 23:50<br/>05. Run with Wolves<br/>06. Morning Dreamer<br/>07. Rain Song<br/>08. Alchemy (Yui ver.)<br/>09. 一番の宝物 (Yui ver.)<br/>10. Little Braver (Album ver.)<br/>11. My Song (Yui ver.)<br/>12. Answer Song<br/>13. Day Game<br/>14. Storm Song<br/>15. Highest Life<br/><br/>CD3<br/>01. My Soul,Your Beats!<br/>02. Brave Song<br/>03. 一番の宝物(Original Version)<br/>04. Heartily Song<br/>05. すべての終わりの始まり<br/>06. 一番の宝物～Yui final ver.～<br/>07. My Soul,Your Beats! (Gldemo ver.)<br/>08. Brave Song (Gldemo ver.)<br/><br/>Artist: TBD	img/KSLA-0113~0115.jpg	img_thumb/KSLA-0113~0115.jpg	<a href='http://key.visualarts.gr.jp/ksllive_2016/' target="_blank">℗ 2016 VisualArt's / Key Sounds Label</a>
KSLA-0116	2016,7,29	Rewrite Arrange Album'Selene'	01. Philosophyz（溝口ゆうま remix)<br/>02. DIS is a pain (morbid Rock mix)<br/>03. Eruptible (Freezer Remix)<br/>04. Quaesitor (Shouya Namai Remix)<br/>05. サンブライト(ALR REMIX)<br/>06. Redemptor（Digital Universum ver）<br/>07. Phobia (LU-I Remix)<br/>08. Finale (Kissing the Mirror Mix)<br/>09. Retribution (MUZIK SERVANT ＆ Freezer Remix)<br/>10. Fight for nowhere (Kissing the Mirror Mix)<br/>11. 刈り（溝口ゆうま remix)<br/><br/>Artist: 水谷瑠奈(NanosizeMir), 北沢綾香	img/KSLA-0116.jpg	img_thumb/KSLA-0116.jpg	<a href='http://key.soundslabel.com/discography.html?ksl0116/ksl0116' target="_blank">℗ 2016 VisualArt's / Key Sounds Label</a>
KSLA-0117	2016,7,27	Twinkle Starlight／Worlds Pain	01. Twinkle Starlight<br/>02. Worlds Pain<br/>03. Twinkle Starlight Short ver<br/>04. Twinkle Starlight (Instrumental)<br/>05. Worlds Pain (Instrumental)<br/><br/><br/>Artist: 佐咲紗花, Ceui	img/KSLA-0117.jpg	img_thumb/KSLA-0117.jpg	<a href='http://key.soundslabel.com/discography.html?ksl0117/ksl0117' target="_blank">℗ 2016 VisualArt's / Key Sounds Label</a>
KSLA-0118	2016,7,27,1	アニメ「Rewrite」OP＆ED「Philosophyz／ささやかなはじまり」	01. Philosophyz ～TV animation ver.～<br/>02. ささやかなはじまり ～TV animation ver.～<br/>03. Philosophyz ～TV animation ver.～ (TVsize)<br/>04. ささやかなはじまり ～TV animation ver.～ (TVsize)<br/>05. Philosophyz ～TV animation ver.～ (Instrumental)<br/>06. ささやかなはじまり ～TV animation ver.～ (Instrumental)<br/><br/>Artist: 水谷 瑠奈（NanosizeMir）	img/KSLA-0118.jpg	img_thumb/KSLA-0118.jpg	<a href='http://key.soundslabel.com/discography.html?ksl0118/ksl0118' target="_blank">℗ 2016 VisualArt's / Key Sounds Label</a>
KSLA-0119	2016,9,21	星の舟／Gentle Jena	01. 星の舟<br/>02. Gentle Jena<br/>03. 星の舟 (Instrumental)<br/>04. Gentle Jena (Instrumental)<br/><br/>Artist: Lia, 北沢綾香	img/KSLA-0119.jpg	img_thumb/KSLA-0119.jpg	<a href='http://key.soundslabel.com/discography.html?ksl0119/ksl0119' target="_blank">℗ 2016 VisualArt's / Key Sounds Label</a>
KSLA-0120	2016,9,21,1	End of the World／へたくそな唄	01. End of the World<br/>02. へたくそな唄<br/>03. End of the World (TVsize)<br/>04. End of the World (Instrumental)<br/>05. へたくそな唄 (Instrumental)<br/><br/>Artist: 熊木杏里	img/KSLA-0120.jpg	img_thumb/KSLA-0120.jpg	<a href='http://key.soundslabel.com/discography.html?ksl0120/ksl0120' target="_blank">℗ 2016 VisualArt's / Key Sounds Label</a>
KSLA-0121	2016,9,21,2	Word of Dawn／おきらく☆きゅうさい	01. Word of Dawn<br/>02. おきらく☆きゅうさい<br/>03. Word of Dawn (TVsize)<br/>04. Word of Dawn (Instrumental)<br/>05. おきらく☆きゅうさい (Instrumental)<br/><br/>Artist: 多田葵	img/KSLA-0121.jpg	img_thumb/KSLA-0121.jpg	<a href='http://key.soundslabel.com/discography.html?ksl0121/ksl0121' target="_blank">℗ 2016 VisualArt's / Key Sounds Label</a>
KSLA-0122~0123	2016,10,26	アニメ「planetarian」Original SoundTrack	[Disk 1]<br/>01. 星の世界 -Introduction-<br/>02. 封印都市<br/>03. 探索<br/>04. 星の世界 -Constant Rain-<br/>05. 星めぐりの歌 -Planetarium Hall-<br/>06. 大切なパートナー<br/>07. 星の世界 -Piano Minor Chord D-<br/>08. 朽ちる世界<br/>09. 星の世界 -Piano Minor Chord B-<br/>10. ゆめみの記憶<br/>11. 投影機修理（星の世界 より）<br/>12. Gentle Jena -Starlit Night-<br/>13. 遥か空へ（星の舟 より）<br/>14. 微かな記憶<br/>15. 星めぐりの歌 -Earnest Wish-<br/>16. ふたりだけの街<br/>17. 星の世界 -Piano Major Chord C-<br/>18. 死のかたち<br/>19. 屑屋の決意<br/>20. 戦闘機械<br/>21. Human Warrior<br/>22. ゆめみとの別れ（星の世界 より）<br/>23. 星めぐりの歌<br/>24. Twinkle Starlight -Short ver-<br/><br/>[Disk 2]<br/>01. 終わりかけの世界<br/>02. レビ・ヨブ・ルツ<br/>03. 地底の秩序<br/>04. 星の世界 -Piano Major Chord B-<br/>05. 星の勉強<br/>06. 邂逅<br/>07. 老人の夢<br/>08. 旅の終わり<br/>09. 星の世界 -Piano Minor Chord A-<br/>10. 全き人<br/>11. 止まった時間<br/>12. 埋葬<br/>13. 星の舟 -Edit ver-<br/>14. 星の世界 -Piano Major Chord A-<br/>15. Worlds Pain -Edit ver-<br/>16. Gentle Jena -Vocal Edit ver-<br/><br/>Artist: MELL, 佐咲紗花, Lia, Ceui, 北沢綾香	img/KSLA-0122~0123.jpg	img_thumb/KSLA-0121.jpg	<a href='http://key.soundslabel.com/discography.html?ksl0122/ksl0122' target="_blank">℗ 2016 VisualArt's / Key Sounds Label</a>
KSLA-0124~0126	2016,12,29	Modification of Key Sounds Label	[Disk 1]<br/>01. My Soul,Your Beats!(DJ SHARPNEL Remix)/Lia<br/>02. Crow Song(DJ Shimamura Remix)/Girls Dead Monster<br/>03. Alchemy(MUZIK SERVANT vs you Remix)/Girls Dead Monster<br/>04. My Song(ITM Remix)/Girls Dead Monster<br/>05. Answer Song(Tracy Remix)/Girls Dead Monster<br/>06. 23:50(MK Remix)/Girls Dead Monster<br/>07. Thousand Enemies(Heavenly Guitar Remix)/Girls Dead Monster<br/>08. Shine Days(KAN TAKAHIKO Remix)/Girls Dead Monster<br/>09. 一番の宝物(D.watt Remix)/Girls Dead Monster<br/>10. Brave Song(colate Remix)/多田葵<br/>11. Little Braver(Freezer Remix)/Girls Dead Monster<br/><br/>[Disk 2]<br/>01. 灼け落ちない翼 (Polyphonix Remix)/多田葵<br/>02. Word of Dawn(Freezer Remix)/多田葵<br/>03. 君とのなくしもの(LU-I Remix)/北沢綾香<br/>04. 風の辿り着く場所(Hedonist Remix)/彩菜<br/>05. TORCH(ALR Remix)/Lia<br/>06. Farewell song(溝口ゆうま Remix)/Lia<br/>07. Star rain(Tracy Remix)/北沢綾香<br/>08. Gentle Jenna(Nizikawa Remix)/北沢綾香<br/>09. ささやかなはじまり(ITM Remix)/NanosizeMir<br/>10. すべての終わりの始まり(Halozy SMJ Remix)/鈴湯<br/><br/>[Disk 3]<br/>01. Trigger(MUZIK SERVANT vs Freezer Remix)/ZHIEND<br/>02. 発熱デイズ(Freezer Remix)/How-Low-Hello<br/>03. Boys be Smile(nora2r Remix)/鈴湯<br/>04. 届けたいメロディ(Getty Remix)/北沢綾香<br/>05. One's future(you Remix)/鈴田美夜子<br/>06. Worlds Pain(bassmicrobe Remix)/ceui<br/>07. Heartily Song(LU-I Remix)/Lia<br/>08. 時を刻む唄(Shouya Namai vs LU-I Remix)/Lia<br/>09. Bravely You(BlackY Remix)/Lia<br/>10. Light colors(DJ Shimamura Remix)/LiaA	img/KSLA-0124~0126.jpg	img_thumb/KSLA-0124~0126.jpg	<a href='http://key.soundslabel.com/discography.html?ksl0124/ksl0124' target="_blank">℗ 2016 VisualArt's / Key Sounds Label</a>
KSLA-0127	2016,12,29,1	I've × Key Collaboration Album	01. IMMORAL<br/>Vocal:水谷瑠奈(NanosizeMir) / Lyric:KOTOKO / Music:中沢伴行 / Arrange:溝口ゆうま(M.H.S)<br/>02. Farewell song<br/>Vocal:IKU / Lyric:麻枝 准 / Music:戸越まごめ / Arrange:高瀬一矢<br/>03. Last regrets<br/>Vocal:RINA / Lyric:麻枝 准 / Music:麻枝 准 / Arrange:中沢伴行<br/>04. Days of promise<br/>Vocal:北沢綾香 / Lyric:SAYUMI / Music:高瀬一矢 / Arrange:LU-I(音召缶)<br/>05. Saya's song<br/>Vocal:Larval Stage Planning / Lyric:麻枝 准 / Music:麻枝 准 / Arrange:NAMI<br/>06. I pray to stop my cry<br/>Vocal:水谷瑠奈(NanosizeMir) / Lyric:KOTOKO / Music:高瀬一矢 / Arrange:Freezer(Lilium Records)<br/>07. LittleBusters!<br/>Vocal:柚子乃 / Lyric:麻枝 准 / Music:麻枝 准 / Arrange:C.G mix<br/>08. bumpy-Jumpy!<br/>Vocal:鈴湯 / Lyric:KOTOKO / Music:中沢伴行・尾崎武士 / Arrange:Irus(LiLA'c Records)<br/>09. Rolling Star☆彡<br/>Vocal:北沢綾香・水谷瑠奈(NanosizeMir)・鈴湯 / Lyric:KOTOKO / Music:井内舞子 / Arrange:Shouya Namai<br/>10. 青空<br/>Vocal:Lily on the FIeLD / Lyric:麻枝 准 / Music:麻枝 准 / Arrange:高瀬一矢	img/KSLA-0127.jpg	img_thumb/KSLA-0127.jpg	<a href='http://key.soundslabel.com/discography.html?ksl0127/ksl0127' target="_blank">℗ 2016 VisualArt's / Key Sounds Label</a>
KSLA-0128	2016,12,29,2	Pureness Rhapsody	01. Princess is The Princess<br/>02. Fledglings girls!!<br/>03. Philosophyz<br/>04. サンブライト<br/>05. 恋桜開花前線<br/>06. 恋のルチはや♥ローリング<br/>07. Princess is The Princess ルチアソロ ver.<br/>08. Princess is The Princess ちはやソロ ver.<br/>09. Fledglings girls!! ルチアソロ ver.<br/>10. Fledglings girls!! ちはやソロ ver.<br/>11. Philosophyz ルチアソロ ver.<br/>12. Philosophyz ちはやソロ ver.<br/>13. 恋のルチはや♥ローリング ルチアソロ ver.<br/>14. 恋のルチはや♥ローリング ちはやソロ ver.	img/KSLA-0128.jpg	img_thumb/KSLA-0128.jpg	<a href='http://key.soundslabel.com/discography.html?ksl0128/ksl0128' target="_blank">℗ 2016 VisualArt's / Key Sounds Label</a>
KSLA-0129	2017,3,22	Last Desire	01. Last Desire<br/>02. Ignis Memory<br/>03. Last Desire (TVsize)<br/>04. Last Desire (Instrumental)<br/>05. Ignis Memory (Instrumental)<br/><br/>Artist: 黒崎真音	img/KSLA-0129.jpg	img_thumb/KSLA-0129.jpg	<a href='http://key.soundslabel.com/discography.html?ksl0129/ksl0129' target="_blank">℗ 2017 VisualArt's / Key Sounds Label</a>
KSLA-0130	2017,3,22,1	Instincts	01. Instincts<br/>02. Cradles Tale<br/>03. Instincts (TVsize)<br/>04. Instincts (Instrumental)<br/>05. Cradles Tale (Instrumental)<br/><br/>Artist: 水谷瑠奈（NanosizeMir)	img/KSLA-0130.jpg	img_thumb/KSLA-0130.jpg	<a href='http://key.soundslabel.com/discography.html?ksl0130/ksl0130' target="_blank">℗ 2017 VisualArt's / Key Sounds Label</a>
KSLA-0132~0133	2017,7,26	Long Long Love Song	01. 僕らだけの星<br/>02. Bus Stop<br/>03. 小説家とパイロットの物語<br/>04. Rain Dance<br/>05. 約束の唄<br/>06. きみだけがいてくれた街<br/>07. tale of the tree<br/>08. 光の行方<br/>09. 銀色世界<br/>10. End of the World<br/>11. 汐のための子守歌<br/>12. Supernova<br/>13. Love Songの作り方<br/><br/>Artist: 熊木杏里	img/KSLA-0132~0133.jpg	img_thumb/KSLA-0132~0133.jpg	<a href='http://key.soundslabel.com/long_long_love_song/' target="_blank">℗ 2017 VisualArt's / Key Sounds Label</a>
KSLA-0134	2017,5,26	Harmonia Original Soundtrack	01. Terrarum<br/>02. Oppidum<br/>03. Vitae<br/>04. Cantus<br/>05. Library<br/>06. Tristitia<br/>07. Risu<br/>08. Rruinis<br/>09. Pecado<br/>10. Scindet<br/>11. Reditum<br/>12. Caveam<br/>13. Harmonia<br/>14. Spero<br/>15. Halitus<br/>16. 届けたいメロディ Short Ver<br/>17. 永遠の星へ<br/><br/>Artist: 霜月はるか, 北沢綾香	img/KSLA-0134.jpg	img_thumb/KSLA-0134.jpg	<a href='http://key.visualarts.gr.jp/harmonia/' target="_blank">℗ 2017 VisualArt's / Key Sounds Label</a>
KSLA-0135	2017,5,26,1	Harmonia Piano Arrange Album "teneritas"	01. コトバ (届けたいメロディより)<br/>02. セカイ (Terrarumより)<br/>03. イトナミ (Vitaeより)<br/>04. ウタウモノ (Cantusより)<br/>05. イコイ (Oppidumより)<br/>06. キロク (Libraryより)<br/>07. ツメアト (Rruinisより)<br/>08. ツミ (Pecadoより)<br/>09. カナシミ (Tristitiaより)<br/>10. アユミ (Harmoniaより)<br/>11. トワ (永遠の星へより)	img/KSLA-0135.jpg	img_thumb/KSLA-0135.jpg	<a href='http://key.visualarts.gr.jp/harmonia/' target="_blank">℗ 2017 VisualArt's / Key Sounds Label</a>
KSLA-0136~0139	2017,6,28	アニメ「Rewrite」Original SoundTracｋ	Disk 1<br/>01. Philosophyz ～TV animation ver.～ (TVsize)<br/>02. ヒナギク<br/>03. 深層森林<br/>04. ニリンソウ<br/>05. Rised bed<br/>06. 花蕾<br/>07. サンブライト<br/>08. DIS is a pain<br/>09. irrigated land<br/>10. アサガオ<br/>11. カーネーション<br/>12. 果実<br/>13. Fertilizer<br/>14. 幻境<br/>15. Exploration<br/>16. 凍土<br/>17. 黒星病<br/>18. Scene of carnage<br/>19. Radiance<br/>20. 綿帽子<br/>21. アンスリウム<br/>22. ルチア着信音<br/>23. Eurptible<br/>24. 褐斑病<br/>25. ささやかなはじまり ～TV animation ver.～ (TVsize)<br/><br/>Disk 2<br/>01. Honesty<br/>02. Reply<br/>03. 散花<br/>04. Scene shifts there<br/>05. 恋文 (TVsize)<br/>06. Fight for nowhere<br/>07. winners!<br/>08. 枯死<br/>09. Potted one<br/>10. サンブライト (TVsize)<br/>11. Sorrowless<br/>12. Toxoplasma<br/>13. End of the world (TVsize)<br/>14. Bloom<br/>15. 実り<br/>16. ムーンブライト<br/>17. Scene of carnage aggressiveness<br/>18. 刈り<br/>19. Exploration2 symphonic<br/>20. Sorrowless(Rewrite & Rewrite Hf! Arrange Album『dye mixture』より)<br/>21. DIS is a pain(Rewrite Arrange Album『Selene』より)<br/>22. 刈り(Rewrite & Rewrite Hf! Arrange Album『dye mixture』より)<br/>23. Phobic<br/>24. Word of Dawn (TVsize)<br/><br/>Disk 3<br/>01. 旅<br/>02. 大地<br/>03. ニリンソウ(『crann mor』Rewrite Arrange Albumより)<br/>04. 揺葉<br/>05. 萌芽<br/>06. Rewrite instrumental<br/>07. 偽らない君へ (TVsize)<br/>08. Repress<br/>09. 滅びの歌<br/>10. Finale<br/>11. 刈り(Rewrite Arrange Album『Selene』より)<br/>12. 愛を灌ぐ<br/>13. 夢<br/>14. Philosophy of yours<br/>15. 恋歌 (TVsize)<br/>16. 青枯病<br/>17. ヒナギク orgelVer<br/>18. ヒナギク(『crann mor』Rewrite Arrange Albumより)<br/>19. 星墜<br/>20. 大地-Radiance(Rewrite Arrangement Album『Branch』より)<br/>21. 闇の彼方へ (TVsize)<br/><br/>Disk 4<br/>01. Innocence Eye<br/>02. Philosophy of ours<br/>03. Species<br/>04. Phobia<br/>05. Rewrite (TVsize)<br/>06. Record<br/>07. 渡りの詩 (TVsize)<br/>08. Last Desire (TVsize)<br/>09. Instincts (TVsize)<br/>10. Retribution<br/>11. Remembrance<br/>12. Scar<br/>13. アネモネ<br/>14. Liberation<br/>15. Sinner<br/>16. Sorrowless(『crann mor』Rewrite Arrange Albumより)<br/>17. in the pocket<br/>18. Wedge<br/>19. CANOE (TVsize)	img/KSLA-0136~0139.jpg	img_thumb/KSLA-0136~0139.jpg	<a href='http://key.soundslabel.com/ksl_html/ksl0136/ksl0136.html' target="_blank">℗ 2017 VisualArt's / Key Sounds Label</a>
KSLA-0140	2017,8,11	Re:Change ~Rewrite EDM Arrange Album~	01.　Philosophyz(Nizikawa Remix) / 水谷瑠奈(NanosizeMir)<br/>02.　闇の彼方へ(Shadowy DNB Remix) / 水谷瑠奈(NanosizeMir)<br/>03.　Rewrite(The LASTTRAK Remix) / サイキックラバー<br/>04.　Harvest(taqumi Remix) / 多田葵<br/>05.　End of the World(LU-I Remix) / 熊木杏里<br/>06.　Word of Dawn(Halozy SMJ Remix) / 多田葵<br/>07.　おきらく☆きゅうさい(you Remix) / 多田葵<br/>08.　Instincts(Yuma vs. Tracy Remix) / 水谷瑠奈(NanosizeMir)<br/>09.　Ignis Memory(MUZIK SERVNT vs Freezer Remix) / 黒崎真音<br/>10.　Last Desire(DJ Shimamura Remix) / 黒崎真音	img/KSLA-0140.jpg	img_thumb/KSLA-0140.jpg	<a href='https://www.youtube.com/watch?v=RqeBf2ksQZ0' target="_blank">℗ 2017 VisualArt's / Key Sounds Label</a>
KSLA-0141	2017,12,29	Emotional Blue	01.　FirstTwinkle<br/>02.　涙色の翼<br/>03.　Emotional Blue<br/>04.　僕らの旅<br/>05.　届けたいメロディ<br/>06.　そこに、きみがいるだけで。<br/>07.　Greeting Smile －すとりーと☆ふぇすた－<br/>08.　君とのなくしもの<br/>09.　雪に足跡<br/>10.　Gentle Jena<br/>11.　ハッピーエンドをさがしてる<br/>12.　Alicemagic ～TV animation ver.～ covered by 北沢綾香<br/><br/>Artists: 北沢綾香	img/KSLA-0141.jpg	img_thumb/KSLA-0141.jpg	<a href='http://c93.product.co.jp/' target="_blank">℗ 2017 VisualArt's / Key Sounds Label</a>
KSLA-0142	2017,10,27	planetarian Analog Collector's Edition	Side A<br/>01. Human Warrior<br/>02. Twinkle Starlight HardCore Remix<br/>03. Worlds Pain<br/>44. Gentle Jena<br/><br/>Side B<br/>01. 星めぐりの歌<br/>02. Twinkle Starlight<br/>03. 星の舟<br/>04. ゆめみセリフ<br/><br/>Artists: Ceui, 北沢綾香, Mell, 佐咲紗花, Lia	img/KSLA-0142.jpg	img_thumb/KSLA-0142.jpg	<a href='https://camp-fire.jp/projects/view/27875' target="_blank">℗ 2017 VisualArt's / Key Sounds Label</a>
KSLA-0143	2017,12,29,1	Rita×Key Memorial Best 『streak of light』	01.　Gargantua<br/>02.　Little Busters!　-Little Jumper ver.-<br/>03.　ラズライト・ドリーマー<br/>04.　Song for friends Rock Ver.<br/>05.　雨のち晴れ<br/>06.　Brave<br/>07.　遥か彼方<br/>08.　Vertige<br/>09.　バッテリー<br/>10.　Alicemagic TV Animation Ver.<br/>11.　Search for the future covered by Rita<br/><br/>Artists: Rita	img/KSLA-0143.jpg	img_thumb/KSLA-0143.jpg	<a href='http://c93.product.co.jp/' target="_blank">℗ 2017 VisualArt's / Key Sounds Label</a>
KSLA-0144	2017,12,29,2	Satsubatsu Kids『Hikikomori Songs』	01. Birthday Song=Requiem<br/>02. Honey Syrup<br/>03. Code Blue<br/>04. 神殺しの唄<br/>05. goodbye<br/>06. 終わったContents<br/>07. Real<br/>08. 灰色の羽根<br/>09. Hanabi<br/>10. ひきこもりの唄<br/>11. きみの記憶<br/>12. Autumn Song<br/><br/>Artists: Hyon	img/KSLA-0144.jpg	img_thumb/KSLA-0144.jpg	<a href='http://key.soundslabel.com/satsubatsu_kids' target="_blank">℗ 2017 VisualArt's / Key Sounds Label</a>
KSLA-0145	2017,12,29,3	Key Acoustic Arrange Album『Humans pleasure』	001.　Little Busters! （リトルバスターズ！）<br/>02.　えきぞちっく・といぼっくす（リトルバスターズ！）<br/>03.　届けたいメロディー （Harmonia）<br/>04.　サンブライト（Rewrite）<br/>05.　それは風のように（CLANNAD）<br/>06.　星の舟 （劇場版 planetarian ～星の人～）<br/>07.　theme of SSS（Angel Beats!）<br/>08.　蝉衣（AIR）<br/>09.　Farewell song （AIR）<br/>10.　涙色の翼 （TVアニメ リトルバスターズ！～Refrain～ カップリング）	img/KSLA-0145.jpg	img_thumb/KSLA-0145.jpg	<a href='http://c93.product.co.jp/' target="_blank">℗ 2017 VisualArt's / Key Sounds Label</a>
KSLC-0001~0002	2008,5,21	KSL LIVE WORLD 2008 Pamphlet and Memorial CD	Side A<br/>01. Last regrets -Girls in Tears mix-<br/>02. Last regrets -2006 memorial mix-<br/>03. Last regrets -X'mas floor style-<br/>04. Last regrets -fiberjelly mix-<br/>05. Last regrets -acoustic version-<br/>06. Last regrets -orbit-<br/><br/>Side B<br/>01. 座談会(前半)<br/>02. 座談会(後半)<br/><br/>Artists: 彩菜, 島みやえい子, Lia	img/KSLC-0001~0002.jpg	img_thumb/KSLC-0001~0002.jpg	<a href='http://key.soundslabel.com/discography.html?kslc0001/kslc0001' target="_blank">℗ 2008 VisualArt's / Key Sounds Label</a>
KSLC-0003	2008,12,28	時を刻む唄／ＴＯＲＣＨ -Piano Arrange Disc-	01.時を刻む唄<br/>02.TORCH	img/KSLC-0003.jpg	img_thumb/KSLC-0003.jpg	<a href='http://key.soundslabel.com/discography.html?kslc0003/kslc0003' target="_blank">℗ 2008 VisualArt's / Key Sounds Label</a>
KSLC-0004~0005	2009,2,28,2	Key 10th MEMORIAL FES, Anniversary CD	CD1<br/>01.「約束」～「冬の花火」(『Kanon』より)<br/>02.「回想録」～「夏影」(『AIR』より)<br/>03.「願いが叶う場所」(『CLANNAD』より)<br/>04.「love song」～「memories」(『智代アフター』より)<br/>05.「Gentle Jana」(『Planetarian～ちいさなほしのゆめ～』より)<br/><br/>CD2<br/>01.Pure snows<br/>02.朝影<br/>03.日溜まりの街<br/>04.冬の花火<br/>05.Little fragments<br/>06.生まれたての風<br/>07.夏影<br/>08.てんとう虫<br/>09.跳ね水<br/>10.双星<br/>11.夜想	img/KSLC-0004~0005.jpg	img_thumb/KSLC-0004~0005.jpg	<a href='http://key.soundslabel.com/discography.html?kslc0004/kslc0004' target="_blank">℗ 2009 VisualArt's / Key Sounds Label</a>
KSLC-0006~0007	2009,2,28,3	『Keyらじ Vol.1』	CD1<br/>01. 第１回目放送 『はじめまして』<br/>02. 第２回目放送 『年越しスペシャル』<br/>03. 第３回目放送 『新年拡大版』<br/>04. 第４回目放送 『OTSUコンピ紹介』<br/>05. 第５回目放送 『スペシャルゲスト拡大版 前編』<br/>06. 第５回目放送 『スペシャルゲスト拡大版 後編』<br/>07. 第６回目放送 『ホラートーク第一夜』<br/>08. 第７回目放送 『リスナー投稿番外編』<br/>09. 第８回目放送 『OTSU／KSL Live World ライブイベント』<br/>10. 第９回目放送 『スペシャルゲスト Liaさん』<br/>11. 第10回目放送 『リトルバスターズ！エクスタシー特集』<br/>12. 第11回目放送 『リスナー投稿スペシャル』<br/>13. 第12回目放送 『パーソナリティ頂上決戦』<br/>14. 第13回目放送 『『Rewrite』情報特集』<br/>15. 第14回目放送 『１周年前月祭 もうすぐ師走だよ くじびきトーク』<br/>16. 第15回目放送 『年末総力祭2008 前編』<br/>17. 第15回目放送 『年末総力祭2008 後編』<br/><br/>CD2<br/>01. Keyらじ 特別版	img/KSLC-0006~0007.jpg	img_thumb/KSLC-0006~0007.jpg	<a href='http://key.soundslabel.com/discography.html?kslc0006/kslc0006' target="_blank">℗ 2009 VisualArt's / Key Sounds Label</a>
KSLC-0008	2010,5,21	『KSL Live World 2010 Pamphlet Music Disc』	01. One's Future-SQUARE Remix-<br/>02. raison-Crystal Cube Mix-<br/>03. オーバー-Keep Paddling mix-<br/>04. 時を刻む唄-KSL Live World Mix-<br/>05. Alicemagic-hemuri mix-<br/>06. だんご大家族-ARCANA structure-<br/><br/>Artists: 鈴田美夜子, すずきけいこ, riya, Lia, Rita, 茶太	img/KSLC-0008.jpg	img_thumb/KSLC-0008.jpg	<a href='http://key.soundslabel.com/discography.html?kslc0008/kslc0008' target="_blank">℗ 2010 VisualArt's / Key Sounds Label</a>
KSLC-0009	2010,8,2	Girls Dead Monster Starring LiSA Tour 2010 ライブパンフレット	CD1<br/>01. Day Game<br/>02. Day Game (Instrumental)<br/><br/>CD2<br/>01.ゆまにゃんの部屋<br/><br/>Artist: Girls Dead Monster	img/KSLC-0009.jpg	img_thumb/KSLC-0009.jpg	<a href='http://key.soundslabel.com/discography.html?kslc0009/kslc0009' target="_blank">℗ 2010 VisualArt's / Key Sounds Label</a>
KSLC-0010~0011	2011,7,29	Keyらじ Vol.2	CD1<br/>01. 第16回目放送『コミケレポート・10thメモリアルフェス情報』<br/>02. 第17回目放送『Key 10thメモリアルフェス 強化週間特集』<br/>03. 第18回目放送『Key 10thメモリアルフェス レポート』<br/>04. 第19回目放送『Keyらじトークライブ in OSAKA 開催告知』<br/>05. 第20回目放送『Keyらじトークライブ in OSAKA レポート 』<br/>06. 第21回目放送『レギュラー放送』<br/>07. 第22回目放送『V.I.Pイベントレポート』<br/>08. 第23回目放送『コミケ７７グッズ情報』<br/>09. 第24回目放送『年末総力祭ミニ』<br/>10. 第25回目放送『コーナーリニューアル紹介』<br/>11. 第26回目放送『レギュラー放送（新コーナー入り）』<br/>12. 第27回目放送『V.I.P「クドわふたースペシャル」告知』<br/>13. 第28回目放送『今後のKeyらじについて』<br/>14. 第29回目放送『「クドわふたー」発売直前 開発スタッフ座談会』<br/>15. 第30回目放送『配信最終回』<br/><br/>CD2 <br/>01. Keyらじ 特別版 2011<br/>02. World Link<br/>03. World Link off vocal Ver.<br/><br/>Artist: KOTOKO	img/KSLC-0010~0011.jpg	img_thumb/KSLC-0010~0011.jpg	<a href='http://key.soundslabel.com/discography.html?kslc0010/kslc0010' target="_blank">℗ 2011 VisualArt's / Key Sounds Label</a>
KSLC-0012	2012,7,29	幸せになる番	01. 幸せになる番<br/>02. CANOE ～Nocturnal Waltz Remix Version～<br/><br/>Artists: Lia, 多田葵, Rita, 茶太	img/KSLC-0012.jpg	img_thumb/KSLC-0012.jpg	<a href='http://key.soundslabel.com/discography.html?kslc0012/kslc0012' target="_blank">℗ 2012 VisualArt's / Key Sounds Label</a>
KSLC-0013	2013,9,16	『KSL Live World 2013 way to the Little Busters! ~Refrain~ Festival Pamphlet Music Disc』	01. 鈴の密かな恋の唄<br/>02. 沙耶の眠れるレクイエム<br/>03. 猫と硝子と円い月<br/>04. ピクルスをおいしくするつくりかた<br/>05. Mission：Love sniper	img/KSLC-0013.jpg	img_thumb/KSLC-0013.jpg	<a href='http://key.visualarts.gr.jp/ksllive_2013/' target="_blank">℗ 2013 VisualArt's / Key Sounds Label</a>
KSLC-0014~0015	2015,4,11	KSL Live World 2015 ~way to the Angel Beats! 1st~ Pamphlet CD	CD1 Keep The Dancing Beats!<br/>01. My Soul,Your Beats! (DJ SHARPNEL Remix)<br/>02. Crow Song (DJ Shimamura Remix)<br/>03. Alchemy (MUZIK SERVANT vs you Remix)<br/>04. My Song (ITM Remix)<br/>05. Answer Song (Tracy Remix)<br/>06. 23:50 (MK Remix)<br/>07. Thousand Enemies (Heavenly Guitar Remix)<br/>08. Shine Days (KAN TAKAHIKO Remix)<br/>09. 一番の宝物 (D.watt Remix)<br/>10. Brave Song (colate Remix)<br/>11. Little Braver (Freezer Remix)<br/><br/>CD2 efflorescence<br/>01. ファンファーレ<br/>02. 東風 （『CLANNAD』より）<br/>03. Fertilizer （『(Rewrite』より）<br/>04. 未使用曲6 （『AIR』より）<br/>05. 光に寄せて（『リトルバスターズ！』より）<br/>06. 朝影（『Kanon』より）<br/>07. Key 15th Anniversary Parade<br/><br/>Artists: Lia, 多田葵	img/KSLC-0014~0015.jpg	img_thumb/KSLC-0014~0015.jpg	<a href='http://key.visualarts.gr.jp/key15thfes/' target="_blank">℗ 2015 VisualArt's / Key Sounds Label</a>
KSLC-0016~0017	2016,4,30	KSL Live World 2016 ~the Animation Charlotte & Rewrite~ Pamphlet Disc	CD1 『Charlotte＆Rewrite Compilation Album』<br/>01. Trigger -Pull The Trigger Remix-<br/>02. 発熱デイズ -EDMRock style-<br/>03. Hervest -Strings-Rock Mix-<br/>04. CANOE -Cello Chamber Version-<br/>05. 楽園まで -Eros Trance Remix-<br/>06. Rewrite -Eros Latin Remix-<br/>07. Bravely You -ELECTROCK! Mix-<br/>08. 灼け落ちない翼 -Happy Rock Ver.-<br/>09. Sleeping Forest -SI.V Ver.-<br/>10. ささやかなはじまり -Orchestra Ver.-<br/><br/>CD2<br/>ラジオRewrite 月刊テラ・風祭学院支局　KSL2016VER.	img/KSLC-0016~0017.jpg	img_thumb/KSLC-0016~0017.jpg	<a href='http://key.visualarts.gr.jp/ksllive_2016/' target="_blank">℗ 2016 VisualArt's / Key Sounds Label</a>
KSLC-0018	2017,10,27	planetarian Analog Collector's Edition Hi-Resolution Data Disc	 *Data disc containing 24-bit FLAC format of album KSLA-0142<br/><br/>Side A<br/>01. Human Warrior<br/>02. Twinkle Starlight HardCore Remix<br/>03. Worlds Pain<br/>44. Gentle Jena<br/><br/>Side B<br/>01. 星めぐりの歌<br/>02. Twinkle Starlight<br/>03. 星の舟<br/>04. ゆめみセリフ<br/><br/>Artists: Ceui, 北沢綾香, Mell, 佐咲紗花, Lia	img/KSLC-0018.jpg	img_thumb/KSLC-0018.jpg	<a href='https://camp-fire.jp/projects/view/27875' target="_blank">℗ 2017 VisualArt's / Key Sounds Label</a>
KSLV-0001~0003	2011,6,1	Girls Dead Monster starring LiSA Tour 2010 Final -Keep The Angel Beats!-	DVD + BD<br/>01. Thousand Enemies<br/>02. Alchemy<br/>03. Shine Days<br/>04. Rain Song<br/>05. Answer Song<br/>06. Morning Dreamer<br/>07. Brave Song<br/>08. My Song<br/>09. 一番の宝物～Yui final ver.～<br/>10. My Soul,Your Beats！<br/>11. 23:50<br/>12. Day Game<br/>13. Run With Wolves<br/>14. Crow Song<br/>EN-01. Highest Life<br/>EN-02. Little Braver<br/><br/>Artist: Girls Dead Monster starring LiSA	img/KSLV-0001~0003.jpg	img_thumb/KSLV-0001~0003.jpg	<a href='http://key.soundslabel.com/discography.html?kslv0001/kslv0001' target="_blank">℗ 2011 VisualArt's / Key Sounds Label</a>
KSLV-0004~0006	2013,1,29	VisualArt's 20th ビジュアルアーツ大感謝祭LIVE 2012 in YOKOHAMA ARENA ～きみとかなでるあしたへのうた～	I've Side<br/>01. Opening<br/>02. 恋愛CHU!<br/>03. MC1<br/>04. Double HarmoniZe Shock!!<br/>05. MC2<br/>06. Do you know the magic?<br/>07. Pure Heart ~世界で一番アナタが好き~<br/>08. verge<br/>09. MC3<br/>10. sacred words<br/>11. MC4<br/>12. さよならを教えて ~comment te dire adieu~<br/>13. Rolling Star ☆彡<br/>14. Wind and Wander<br/>15. MC5<br/>16. Blaze a trail<br/>17. birthday eve<br/>18. MOVIE:鬼畜眼鏡<br/>19. under the darkness<br/>20. MC6<br/>21. Welcome to HEAVEN!<br/>22. Abyss<br/>23. Time heals all sorrows<br/>24. MC7<br/>25. Close to me...<br/>26. bumpy-Jumpy!<br/>27. Encore<br/>28. FUCK ME<br/>29. Leave me hell alone<br/>30. MC8<br/>31. Princess Brave!<br/>32. MC9<br/>33. Fair Heaven<br/>34. MC10<br/>Artists: 川田まみ, Outer, 島みやえい子, 詩月カオリ, Larval Stage Planning, C.G mix, 詩月カオリ, KOTOKO<br/><br/>KSL Side<br/>01. Opening<br/>02. Harvest<br/>03. Crow Song<br/>04. MC1<br/>05. Alchemy<br/>06. Thousand Enemies<br/>07. Day Game<br/>08. 一番の宝物<br/>09. MC2<br/>10. Brave Song<br/>11. CANOE<br/>12. 闇の彼方へ<br/>13. MC3<br/>14. ささやかなはじまり<br/>15. MC4<br/>16. Philosophyz<br/>17. MC5<br/>18. サンブライト<br/>19. MOVIE:クドわふたー<br/>20. one’s future<br/>21. MOVIE:リトルバスターズ!アニメ化<br/>22. Alicemagic<br/>23. MC6<br/>24. Little Busters! -Little Jumper Ver.-<br/>25. メグメル<br/>26. だんご大家族<br/>27. Encore<br/>28. 鳥の詩<br/>29. Liaメドレー（青空, nostalgia, Life is like a Melody, 夏影）<br/>30. MC7<br/>31. My Soul,Your Beats!<br/>32. MC8<br/>33. Last regrets<br/>34. MC9<br/>35. Orpheus ~君と奏でる明日へのうた~<br/>36. MC10 End Roll<br/><br/>Artists: 北沢綾香, Girls Dead Monster LiSA & marina, eufonius, 鈴田美夜子, karuta, 茶太, NanosizeMir, 多田葵, Rita, Lia	img/KSLV-0004~0006.jpg	img_thumb/KSLV-0004~0006.jpg	<a href='http://key.soundslabel.com/discography.html?kslv0004/kslv0004' target="_blank">℗ 2013 VisualArt's / Key Sounds Label</a>
